CUSTOMER_ID,CUSTOMER_NAME,CUSTOMER_ADDRESS,CUSTOMER_ACCOUNT_NUMBER,DATE_OF_BIRTH,CUSTOMER_GENDER,CUSTOMER_PAN_NUMBER,CUSTOMER_AADHAR_NUMBER,BANK_NAME,CUSTOMER_IFSC_CODE,CUSTOMER_EMAIL,CUSTOMER_PHONE_NUMBER,CUSTOKMER_NATIONALITY,CUSTOMER_ACCOUNT_TYPE,CUSTOMER_ACCOUNT_STATUS
1,Aarav Sharma,"14, Gokul Nagar
Saharanpur, Uttar Pradesh 247001
",ACC00001,1980-03-15,FEMALE,ABCDE1234F,1.23457E+11,SBI,SBIN0000300,Sharma501@email.com,9766344011,INDIAN,SAVING,1
2,Riya Patel,"
56, Kamala Park
Pune, Maharashtra 411001",ACC00002,1976-07-22,FEMALE,FGHIJ5678K,2.34568E+11,SBI,SBIN0000300,Riya301@email.com,9923555604,INDIAN,CURRENT,1
3,Aditya Singh,"
22, Nandi Vihar
Bengaluru, Karnataka 560001",ACC00003,1992-11-28,MALE,LMNOP9012Q,3.45679E+11,SBI,SBIN0000300,Aditya11@email.com,9766344010,INDIAN,SAVING,1
4,Ananya Kapoor,"
8/45, Tulsi Lane
Hyderabad, Telangana 500001",ACC00004,1985-04-05,FEMALE,RSTUV3456X,4.56789E+11,SBI,SBIN0000300,Ananya10@email.com,9766344012,INDIAN,CURRENT,1
5,Arjun Verma,"
33, Krishnapuram Main Road
Chennai, Tamil Nadu 600001",ACC00005,1979-09-10,MALE,YZABC7890M,5.6789E+11,SBI,SBIN0000300,Arjun28@email.com,9404708448,INDIAN,CURRENT,1
6,Saanvi Reddy,"
7, Ganga Enclave
Jaipur, Rajasthan 302001",ACC00006,1998-12-18,MALE,DEFGH2345P,6.789E+11,SBI,SBIN0000300,Saanvi11@email.com,9850489979,INDIAN,CURRENT,1
7,Aryan Malhotra,"
102, Saraswati Colony
Bhopal, Madhya Pradesh 462001
",ACC00007,1973-06-25,MALE,IJKLMN6789R,7.89E+11,SBI,SBIN0000300,Aryan90@email.com,7588795474,INDIAN,CURRENT,1
8,Avani Gupta,"
18/3, Lotus Park
Kolkata, West Bengal 700001",ACC00008,1990-08-07,MALE,OPQRS1234A,8.9E+11,SBI,SBIN0000300,Avani10@email.com,9422602348,INDIAN,CURRENT,1
9,Rohan Kumar,"
25, Tulsi Nagar
Nagpur, Maharashtra 440001",ACC00009,1981-02-12,MALE,TUVWX5678B,9E+11,SBI,SBIN0000300,Rohan09@email.com,9922620687,INDIAN,CURRENT,1
10,Nisha Joshi,"
6/87, Gopika Street
Coimbatore, Tamil Nadu 641001",ACC000010,1975-05-30,FEMALE,YZABC9012E,1E+11,SBI,SBIN0000300,Nisha99@email.com,9960764718,INDIAN,SAVING,1
11,Vikram Khanna,"
14, Lakshmi Nagar
Delhi, Delhi 110001
",ACC000011,1995-10-14,MALE,FGHIJ3456I,1.0101E+11,INDIAN,IDIB000N089,Vikram18@email.com,9271702017,INDIAN,SAVING,1
12,Zara Khan,"
56, Vishnu Colony
Mumbai, Maharashtra 400001",ACC000012,1987-01-23,FEMALE,LMNOP6789L,2.0202E+11,INDIAN,IDIB000N089,Zara112@email.com,9850165880,INDIAN,SAVING,1
13,Siddharth Rao,"
22, Hanuman Street
Bengaluru, Karnataka 560001",ACC000013,1971-11-01,MALE,RSTUV9012D,3.0303E+11,INDIAN,IDIB000N089,Siddharth@email.com,9764974818,INDIAN,SAVING,1
14,Anika Sharma,"
8/45, Ganesha Road
Chennai, Tamil Nadu 600001",ACC000014,1993-08-29,FEMALE,YZABC5678G,4.0404E+11,INDIAN,IDIB000N089,Anika123@email.com,9823690494,INDIAN,SAVING,1
15,Dev Mehra,"
33, Krishna Enclave
Hyderabad, Telangana 500001",ACC000015,1984-06-08,FEMALE,IJKLMN2345J,5.05051E+11,INDIAN,IDIB000A002,Dev33@email.com,9960440829,INDIAN,CURRENT,1
16,Meera Nair,"
7, Saraswati Park
Kolkata, West Bengal 700001",ACC000016,1978-12-03,FEMALE,OPQRS7890O,6.06061E+11,INDIAN,IDIB000A002,Meera67@email.com,9689048630,INDIAN,CURRENT,1
17,Karan Kapoor,"
102, Ganga Vihar
Pune, Maharashtra 411001",ACC000017,1997-04-20,MALE,TUVWX1234S,7.07071E+11,INDIAN,IDIB000A002,Karan12@email.com,9049045109,INDIAN,CURRENT,1
18,Aisha Patel,"
18/3, Ramakrishna Lane
Coimbatore, Tamil Nadu 641001",ACC000018,1970-09-05,FEMALE,YZABC6789T,8.08081E+11,INDIAN,IDIB000A002,Aisha67@email.com,9850777594,INDIAN,CURRENT,1
19,Advait Desai,"
25, Lotus Avenue
Ahmedabad, Gujarat 380001",ACC000019,1983-03-17,MALE,FGHIJ5678U,9.09091E+11,INDIAN,IDIB000A002,Advait77@email.com,9822781320,INDIAN,CURRENT,1
20,Maya Iyer,"
6/87, Parvati Street
Jaipur, Rajasthan 302001",ACC000020,1999-07-11,FEMALE,LMNOP9012V,1.0101E+11,INDIAN,IDIB000A002,Maya89@email.com,9922048099,INDIAN,CURRENT,1
21,Kabir Singh,"
14, Tulsi Nagar
Lucknow, Uttar Pradesh 226001",ACC000021,1974-02-26,MALE,RSTUV2345W,1.11111E+11,INDIAN,IDIB000A002,Kabir90@email.com,9096452996,INDIAN,CURRENT,1
22,Pari Deshmukh,"
56, Ganesh Enclave
Chandigarh, Punjab 160001
",ACC000022,1986-10-02,MALE,YZABC6789Y,1.21212E+11,AXIS,UTIB0000082,Pari99@email.com,9822037662,INDIAN,CURRENT,1
23,Arnav Choudhary,"
22, Krishna Colony
Indore, Madhya Pradesh 452001
",ACC000023,1972-05-12,MALE,DEFGH9012Z,1.31313E+11,AXIS,UTIB0000082,Arnav12@email.com,8805941276,INDIAN,CURRENT,1
24,Ishita Verma,"
8/45, Vishnu Lane
Visakhapatnam, Andhra Pradesh 530001",ACC000024,1980-01-06,FEMALE,IJKLMN3456C,1.41414E+11,AXIS,UTIB0000082,Ishita23@email.com,9922446344,INDIAN,SAVING,1
25,Virat Malhotra,"
33, Hanuman Park
Gurugram, Haryana 122001",ACC000025,1991-11-19,MALE,OPQRS5678F,1.51515E+11,AXIS,UTIB0000082,Virat78@email.com,9403871266,INDIAN,SAVING,1
26,Anushka Kumar,"
7, Krishna Road
Nagpur, Maharashtra 440001",ACC000026,1977-08-15,FEMALE,TUVWX9012I,1.61616E+11,AXIS,UTIB0000082,Anushka12@email.com,9742974206,INDIAN,SAVING,1
27,Yuvan Patel,"
102, Ganesha Colony
Kochi, Kerala 682001",ACC000027,1994-06-01,MALE,YZABC2345K,1.71717E+11,AXIS,UTIB0000082,Yuvan909@email.com,9209665704,INDIAN,SAVING,1
28,Tanvi Sharma,"
18/3, Lakshmi Lane
Mysuru, Karnataka 570001",ACC000028,1982-12-09,FEMALE,DEFGH5678M,1.81818E+11,AXIS,UTIB0000082,Tanvi87@email.com,9096610675,INDIAN,SAVING,1
29,Aarush Kapoor,"
25, Saraswati Street
Patna, Bihar 800001",ACC000029,1976-04-24,MALE,IJKLMN9012P,1.91919E+11,AXIS,UTIB0000082,Aarush12@email.com,9921995442,INDIAN,SAVING,1
30,Diya Reddy,"
6/87, Ramakrishna Nagar
Surat, Gujarat 395001",ACC000030,1988-09-27,FEMALE,OPQRS2345Q,2.0202E+11,AXIS,UTIB0000082,Diya677@email.com,9822355759,INDIAN,SAVING,1
31,Advay Mehta,"
10, Ganapati Road
Hyderabad, Telangana 500002
",ACC000031,1975-03-10,FEMALE,TUVWX5678R,2.12121E+11,AXIS,UTIB0000082,Advay12@email.com,9822655665,INDIAN,CURRENT,0
32,Riyaan Khanna,"
25, Tulsi Nagar
Bhubaneswar, Odisha 751001
",ACC000032,1996-07-31,MALE,YZABC1234S,2.22222E+11,AXIS,UTIB0000082,Riyaan67@email.com,9765645469,INDIAN,CURRENT,1
33,Aahana Rao,"
40, Saraswati Colony
Jaipur, Rajasthan 302002",ACC000033,1979-11-07,FEMALE,DEFGH5678T,2.32323E+11,AXIS,UTIB0000082,Aahana12@email.com,9552530061,INDIAN,CURRENT,1
34,Vedika Bansal,"
18/7, Krishna Enclave
Pune, Maharashtra 411002
",ACC000034,1992-02-21,FEMALE,IJKLMN9012U,2.42424E+11,AXIS,UTIB0000082,Vedika34@email.com,9028801255,INDIAN,CURRENT,1
35,Krish Joshi,"
15, Lakshmi Street
Kochi, Kerala 682002",ACC000035,1984-05-04,MALE,OPQRS2345V,2.52525E+11,ICICI,ICIC0006020,Krish89@email.com,9850472652,INDIAN,CURRENT,1
36,Ishan Kapoor,"
30, Ganesha Park
Chennai, Tamil Nadu 600002",ACC000036,1970-09-14,MALE,TUVWX5678W,2.62626E+11,ICICI,ICIC0006020,Ishan001@email.com,9822086074,INDIAN,SAVING,1
37,Aanya Gupta,"
12, Vishnu Lane
Bengaluru, Karnataka 560002",ACC000037,1993-01-29,MALE,YZABC1234X,2.72727E+11,ICICI,ICIC0006020,Aanya12@email.com,9823543330,INDIAN,SAVING,1
38,Arisha Singh,"
5, Hanuman Nagar
Mumbai, Maharashtra 400002",ACC000038,1981-06-22,FEMALE,DEFGH5678Y,2.82828E+11,ICICI,ICIC0006020,Arisha131@email.com,9881747756,INDIAN,SAVING,1
39,Dhruv Sharma,"
22, Lotus Avenue
Gurugram, Haryana 122002",ACC000039,1973-12-13,MALE,IJKLMN9012J,2.92929E+11,ICICI,ICIC0006020,Dhruv34@email.com,8087530454,INDIAN,SAVING,1
40,Kavya Patel,"
17, Ramakrishna Colony
Patna, Bihar 800002",ACC000040,1990-03-25,FEMALE,OPQRS2345A,3.0303E+11,ICICI,ICIC0001045,Kavya671@email.com,9561689400,INDIAN,SAVING,1
41,Vihaan Desai,"
20, Krishna Vihar
Ahmedabad, Gujarat 380002
",ACC000041,1977-07-04,MALE,YZABC1234C,3.13131E+11,ICICI,ICIC0001045,Vihaan56@email.com,9096255833,INDIAN,SAVING,1
42,Ayesha Verma,"
35, Ganga Enclave
Lucknow, Uttar Pradesh 226002",ACC000042,1989-10-18,FEMALE,DEFGH5678D,3.23232E+11,ICICI,ICIC0001045,Ayesha19@email.com,9922017932,INDIAN,SAVING,1
43,Arush Thakur,"
8/5, Vishnu Road
Visakhapatnam, Andhra Pradesh 530002",ACC000043,1974-01-01,MALE,IJKLMN9012E,3.33333E+11,ICICI,ICIC0001045,Arush76@email.com,9922263594,INDIAN,CURRENT,1
44,Niharika Yadav,"
19, Hanuman Street
Chandigarh, Punjab 160002",ACC000044,1995-11-24,FEMALE,OPQRS2345F,3.43434E+11,ICICI,ICIC0001045,Niharika34@email.com,9850777614,INDIAN,CURRENT,1
45,Atharv Singh,"
24, Saraswati Lane
Mysuru, Karnataka 570002
",ACC000045,1982-04-08,MALE,TUVWX5678G,3.53535E+11,ICICI,ICIC0001045,Atharv121@email.com,9881710217,INDIAN,CURRENT,1
46,Riya Agarwal,"
16, Tulsi Park
Nagpur, Maharashtra 440002
",ACC000046,1971-08-30,FEMALE,YZABC1234H,3.63636E+11,ICICI,ICIC0001045,riya13@email.com,9689274665,INDIAN,CURRENT,1
47,aadi malhotra,"
11, Lakshmi Colony
Indore, Madhya Pradesh 452002
",ACC000047,1998-02-16,MALE,DEFGH5678I,3.73737E+11,ICICI,ICIC0001045,aadi21@email.com,9922396708,INDIAN,CURRENT,1
48,sanika reddy,"
26, Ganesha Lane
Bhopal, Madhya Pradesh 462002
",ACC000048,1985-05-11,FEMALE,IJKLMN9012M,3.83838E+11,HDFC,HDFC0001866,sanika11@email.com,9503014106,INDIAN,CURRENT,1
49,kabir kapoor,"
32, Krishna Road
Coimbatore, Tamil Nadu 641002",ACC000049,1978-09-01,MALE,OPQRS2345N,3.93939E+11,HDFC,HDFC0001866,kabir65@email.com,9665386111,INDIAN,CURRENT,1
50,aaradhya sharma,"
21, Ramakrishna Street
Kolkata, West Bengal 700002",ACC000050,1989-08-04,FEMALE,TUVWX5678O,4.0404E+11,HDFC,HDFC0001866,aaradhya65@email.com,9881708280,INDIAN,CURRENT,1
51,vir patel,"
7, Ganesha Park
Bengaluru, Karnataka 560003",ACC000051,1977-02-17,MALE,YZABC1234P,4.14141E+11,HDFC,HDFC0001866,vir123@email.com,9503082955,INDIAN,SAVING,1
52,siya mehta,"
4, Lakshmi Lane
Hyderabad, Telangana 500003",ACC000052,1996-05-23,MALE,DEFGH5678Q,4.24242E+11,HDFC,HDFC0001866,siya674@email.com,9766652347,INDIAN,SAVING,1
53,krishang gupta,"
18, Krishna Vihar
Chennai, Tamil Nadu 600003",ACC000053,1983-09-12,MALE,IJKLMN9012R,4.34343E+11,HDFC,HDFC0001866,krishang132@email.com,9921504888,INDIAN,SAVING,1
54,aishaan nair,"
29, Vishnu Road
Delhi, Delhi 110002
",ACC000054,1971-11-30,MALE,OPQRS2345S,4.44444E+11,HDFC,HDFC0001866,aishaan21@email.com,9657297992,INDIAN,SAVING,1
55,anvi khanna,"
12, Hanuman Nagar
Mumbai, Maharashtra 400003",ACC000055,1990-04-15,MALE,TUVWX5678T,4.54545E+11,HDFC,HDFC0001866,anvi99@email.com,9860487287,INDIAN,SAVING,1
56,rehaan kumar,"
8/15, Saraswati Enclave
Pune, Maharashtra 411003",ACC000056,1975-06-28,MALE,YZABC1234U,4.64646E+11,HDFC,HDFC0001866,rehaan11@email.com,9822972035,INDIAN,SAVING,1
57,ishani chopra,"
16, Tulsi Colony
Kolkata, West Bengal 700003
",ACC000057,1981-10-09,FEMALE,DEFGH5678V,4.74747E+11,HDFC,HDFC0001866,ishani42@email.com,9175099792,INDIAN,SAVING,1
58,vivaan joshi,"
21, Ramakrishna Avenue
Jaipur, Rajasthan 302003
",ACC000058,1994-01-25,MALE,IJKLMN9012W,4.84848E+11,HDFC,HDFC0001866,vivaan121@email.com,9850017888,INDIAN,SAVING,1
59,anaya malik,"
36, Ganga Lane
Ahmedabad, Gujarat 380003",ACC000059,1978-03-19,FEMALE,OPQRS2345X,4.94949E+11,HDFC,HDFC0001866,anaya890@email.com,9096137978,INDIAN,SAVING,1
60,viha patel,"
27, Lakshmi Park
Gurugram, Haryana 122003",ACC000060,1986-07-02,FEMALE,TUVWX5678Y,5.05051E+11,HDFC,HDFC0001866,viha43@email.com,9326812057,INDIAN,CURRENT,1
61,arnav bansal,"
10, Vishnu Enclave
Visakhapatnam, Andhra Pradesh 530003",ACC000061,1970-12-27,MALE,YZABC1234Z,5.15152E+11,HDFC,HDFC0001866,arnav11@email.com,9665673013,INDIAN,CURRENT,1
62,zoya singh,"
13, Krishna Lane
Bhopal, Madhya Pradesh 462003",ACC000062,1992-02-08,MALE,DEFGH5678AA,5.25253E+11,HDFC,HDFC0001866,zoya51@email.com,9881173769,INDIAN,CURRENT,1
63,advik shah,"
5, Hanuman Road
Coimbatore, Tamil Nadu 641003",ACC000063,1984-08-14,FEMALE,IJKLMN9012BB,5.35354E+11,HDFC,HDFC0001866,advik11@email.com,9881871906,INDIAN,CURRENT,1
64,aanya iyer,"
22, Ganesha Street
Chandigarh, Punjab 160003",ACC000064,1973-09-01,FEMALE,OPQRS2345CC,5.45455E+11,SBI,SBIN0000800,aanya34@email.com,9503014964,INDIAN,CURRENT,1
65,reyansh verma,"
38, Saraswati Park
Nagpur, Maharashtra 440003",ACC000065,1998-11-07,MALE,TUVWX5678DD,5.55556E+11,SBI,SBIN0000800,reyansh76@email.com,9860433531,INDIAN,CURRENT,1
66,kyra sharma,"
19, Ramakrishna Road
Lucknow, Uttar Pradesh 226003",ACC000066,1980-01-16,FEMALE,YZABC1234EE,5.65657E+11,SBI,SBIN0000800,kyra12@email.com,9421024169,INDIAN,SAVING,1
67,krish kapoor,"
25, Tulsi Lane
Indore, Madhya Pradesh 452003",ACC000067,1976-06-05,MALE,DEFGH5678FF,5.75758E+11,SBI,SBIN0000800,krish65@email.com,9420489359,INDIAN,SAVING,1
68,anvi patel,"
9, Lakshmi Vihar
Kochi, Kerala 682003
",ACC000068,1991-10-18,MALE,IJKLMN9012GG,5.85859E+11,SBI,SBIN0000800,anvi90@email.com,9096299017,INDIAN,SAVING,1
69,vihaan reddy,"
14, Krishna Park
Patna, Bihar 800003",ACC000069,1985-04-20,MALE,OPQRS2345HH,5.9596E+11,SBI,SBIN0000800,vihaan31@email.com,9921266101,INDIAN,SAVING,1
70,aaradhya gupta,"
30, Hanuman Colony
Mysuru, Karnataka 570003
",ACC000070,1979-07-09,FEMALE,TUVWX5678II,6.06061E+11,SBI,SBIN0000800,aaradhya11@email.com,9739224593,INDIAN,SAVING,1
71,aryan kumar,"
33, Ganga Road
Varanasi, Uttar Pradesh 221003",ACC000071,1995-12-03,MALE,YZABC1234JJ,6.16162E+11,SBI,SBIN0000800,aryan90@email.com,9916854084,INDIAN,SAVING,1
72,myra desai,"
6/19, Vishnu Park
Dehradun, Uttarakhand 248003",ACC000072,1987-03-25,FEMALE,DEFGH5678KK,6.26263E+11,SBI,SBIN0000800,myra10@email.com,9686181510,INDIAN,SAVING,1
73,dhruv singh,"
17, Ramakrishna Vihar
Jodhpur, Rajasthan 342003",ACC000073,1974-05-29,MALE,IJKLMN9012LL,6.36364E+11,SBI,SBIN0000800,dhruv54@email.com,8088159058,INDIAN,SAVING,1
74,aishaan nair,"20, Lakshmi Road
Jalandhar, Punjab 144003
",ACC000074,1993-09-14,MALE,OPQRS2345MM,6.46465E+11,SBI,SBIN0000800,aishaan98@email.com,8088157571,INDIAN,SAVING,1
75,ananya khanna,"
24, Krishna Nagar
Guwahati, Assam 781003
",ACC000075,1982-11-21,FEMALE,TUVWX5678NN,6.56566E+11,INDIAN,IDIB000N011,ananya11@email.com,8123760679,INDIAN,SAVING,1
76,vedansh joshi,"
35, Hanuman Park
Ranchi, Jharkhand 834003
",ACC000076,1972-01-08,MALE,YZABC1234OO,6.66667E+11,INDIAN,IDIB000N011,vedansh001@email.com,9922852299,INDIAN,SAVING,1
77,siya malik,"
28, Ganesha Lane
Shimla, Himachal Pradesh 171003
",ACC000077,1988-06-30,FEMALE,DEFGH5678PP,6.76768E+11,INDIAN,IDIB000N011,siya002@email.com,8431276098,INDIAN,SAVING,1
78,arjun thakur,"
9, Saraswati Street
Cuttack, Odisha 753003",ACC000078,1977-08-11,MALE,IJKLMN9012QQ,6.86869E+11,INDIAN,IDIB000N011,arjun21@email.com,8147195296,INDIAN,SAVING,1
79,aarohi yadav,"
16, Tulsi Vihar
Raipur, Chhattisgarh 492003",ACC000079,1999-02-19,FEMALE,OPQRS2345RR,6.9697E+11,INDIAN,IDIB000A002,aarohi43@email.com,9945494056,INDIAN,SAVING,1
80,advait chopra,"21, Ramakrishna Park
Agartala, Tripura 799003",ACC000080,1989-04-24,FEMALE,TUVWX5678SS,7.07071E+11,INDIAN,IDIB000A002,advait91@email.com,9972334887,INDIAN,SAVING,1
81,armaan kapoor,"34, Krishna Enclave
Srinagar, Jammu and Kashmir 190003",ACC000081,1970-12-01,MALE,YZABC1234TT,7.17172E+11,INDIAN,IDIB000A002,armaan001@email.com,9986271640,INDIAN,CURRENT,1
82,saisha sharma,"12, Ganga Lane
Kohima, Nagaland 797003",ACC000082,1997-05-18,FEMALE,DEFGH5678UU,7.27273E+11,INDIAN,IDIB000A002,saisha101@email.com,9036066109,INDIAN,SAVING,1
83,vivaan patel,"29, Vishnu Park
Gangtok, Sikkim 737103
",ACC000083,1983-07-27,MALE,IJKLMN9012VV,7.37374E+11,INDIAN,IDIB000A002,vivaan21@email.com,9422759283,INDIAN,SAVING,1
84,anvi malhotra,"18, Ramakrishna Colony
Itanagar, Arunachal Pradesh 791113",ACC000084,1976-09-10,FEMALE,OPQRS2345WW,7.47475E+11,INDIAN,IDIB000A002,anvi31@email.com,9845491802,INDIAN,SAVING,1
85,aarush yadav,"3, Lakshmi Road
Imphal, Manipur 795003",ACC000085,1990-01-05,MALE,TUVWX5678XX,7.57576E+11,AXIS,UTIB0000082,aarush09@email.com,8961727038,INDIAN,SAVING,1
86,avishi verma,"15, Krishna Park
Aizawl, Mizoram 796001",ACC000086,1985-03-28,FEMALE,YZABC1234YY,7.67677E+11,AXIS,UTIB0000082,avishi01@email.com,9590245085,INDIAN,SAVING,1
87,devansh reddy,"22, Hanuman Nagar
Shillong, Meghalaya 793001",ACC000087,1971-11-16,MALE,DEFGH5678ZZ,7.77778E+11,AXIS,UTIB0000082,devansh003@email.com,9731781540,INDIAN,SAVING,1
88,aaradhaya deshmukh,"8/15, Ganesha Lane
Gangtok, Sikkim 737203",ACC000088,1994-06-20,FEMALE,IJKLMN9012AAA,7.87879E+11,AXIS,UTIB0000082,aaradhaya005@email.com,9740671364,INDIAN,SAVING,1
89,kabir koshi,"27, Saraswati Park
Agartala, Tripura 799203",ACC000089,1980-08-02,MALE,OPQRS2345BBB,7.9798E+11,AXIS,UTIB0000082,kabir031@email.com,9972015634,INDIAN,SAVING,1
90,myra singh,"15, Ganesha Colony
Patna, Bihar 800004",ACC000090,1979-10-25,FEMALE,TUVWX5678CCC,8.08081E+11,AXIS,UTIB0000082,myra008@email.com,9036296097,INDIAN,SAVING,1
91,arjun bansal,"40, Saraswati Lane
Kolkata, West Bengal 700004",ACC000091,1991-04-13,MALE,YZABC1234DDD,8.18182E+11,AXIS,UTIB0000082,arjun098@email.com,9972598174,INDIAN,SAVING,1
92,anika thakur,"22, Krishna Enclave
Bengaluru, Karnataka 560004",ACC000092,1986-06-29,FEMALE,DEFGH5678EEE,8.28283E+11,AXIS,UTIB0000082,anika75@email.com,9019192915,INDIAN,SAVING,1
93,vihaan iyer,"7, Tulsi Park
Jaipur, Rajasthan 302004
",ACC000093,1978-09-21,MALE,IJKLMN9012FFF,8.38384E+11,AXIS,UTIB0000082,vihaan87@email.com,9632233201,INDIAN,SAVING,1
94,riyaan chopra,"12, Hanuman Road
Mumbai, Maharashtra 400004",ACC000094,1992-02-12,FEMALE,OPQRS2345GGG,8.48485E+11,AXIS,UTIB0000082,riyaan43@email.com,9880357528,INDIAN,SAVING,1
95,anvi malik,"33, Lakshmi Street
Hyderabad, Telangana 500004",ACC000095,1984-05-08,MALE,TUVWX5678HHH,8.58586E+11,ICICI,ICIC0001045,anvi032@email.com,7411771174,INDIAN,SAVING,1
96,advait yadav,"18/5, Vishnu Vihar
Chennai, Tamil Nadu 600004",ACC000096,1973-08-15,MALE,YZABC1234III,8.68687E+11,ICICI,ICIC0001045,advait31@email.com,9019169606,INDIAN,SAVING,1
97,ishan mehta,"25, Ramakrishna Avenue
Ahmedabad, Gujarat 380004
",ACC000097,1998-12-04,MALE,DEFGH5678JJJ,8.78788E+11,ICICI,ICIC0001045,ishan037@email.com,9036960087,INDIAN,SAVING,1
98,krish khanna,"19, Ganga Nagar
Gurugram, Haryana 122004
",ACC000098,1987-01-29,MALE,IJKLMN9012KKK,8.88889E+11,ICICI,ICIC0001045,krish048@email.com,8123993158,INDIAN,SAVING,1
99,anaya kapoor,"17, Krishna Park
Visakhapatnam, Andhra Pradesh 530004
",ACC000099,1975-07-12,FEMALE,OPQRS2345LLL,8.9899E+11,ICICI,ICIC0001045,anaya452@email.com,9448831075,INDIAN,SAVING,1
100,aryan sharma,"5, Hanuman Lane
Bhopal, Madhya Pradesh 462004",ACC0000100,1985-06-14,MALE,TUVWX5678MMM,9.09091E+11,ICICI,ICIC0006020,aryan012@email.com,9036920976,INDIAN,SAVING,1
101,Aarav Krishnan,"22, Saraswati Street
Coimbatore, Tamil Nadu 641004",ACC0000101,1976-11-03,MALE,YZABC1234NNN,9.19192E+11,ICICI,ICIC0006020,Aarav013@email.com,9845084487,INDIAN,SAVING,1
102,Aditi Nair,"17, Malabar Street
Kochi, Kerala 682006",ACC0000102,1990-01-25,MALE,DEFGH5678OOO,9.29293E+11,ICICI,ICIC0006020,Aditi191@email.com,9739567946,INDIAN,SAVING,1
103,Arjun Menon,"29, Chola Nagar
Chennai, Tamil Nadu 600006",ACC0000103,1982-07-09,MALE,IJKLMN9012PPP,9.39394E+11,ICICI,ICIC0006020,Arjun452@email.com,8762936910,INDIAN,CURRENT,1
104,Ananya Iyer,"42, Kaveri Lane
Bengaluru, Karnataka 560006",ACC0000104,1979-09-21,FEMALE,OPQRS2345QQQ,9.49495E+11,ICICI,ICIC0006020,Ananya765@email.com,9448405495,INDIAN,CURRENT,1
105,Bhuvan Chandra,"11, Nilgiri Park
Coimbatore, Tamil Nadu 641006",ACC0000105,1996-03-12,MALE,TUVWX5678RRR,9.59596E+11,HDFC,HDFC0009077,Bhuvan382@email.com,9880416538,INDIAN,CURRENT,1
106,Diya Pillai,"21, Kaveri Enclave
Hyderabad, Telangana 500006",ACC0000106,1987-08-28,FEMALE,YZABC1234SSS,9.69697E+11,HDFC,HDFC0009077,Diya342@email.com,9972057779,INDIAN,CURRENT,1
107,Gautham Raghavan,"5, Cardamom Road
Thiruvananthapuram, Kerala 695006",ACC0000107,1973-05-15,MALE,DEFGH5678TTT,9.79798E+11,HDFC,HDFC0009077,Gautham042@email.com,9405843211,INDIAN,CURRENT,1
108,Ishita Prasad,"38, Palakkad Lane Mangaluru, Karnataka 575006",ACC0000108,1998-11-30,FEMALE,IJKLMN9012UUU,9.89899E+11,HDFC,HDFC0009077,Ishita112@email.com,9923788723,INDIAN,CURRENT,1
109,Kavya Kumar,"26, Mysore Street
Madurai, Tamil Nadu 625006",ACC0000109,1980-04-18,FEMALE,OPQRS2345VVV,1E+12,HDFC,HDFC0009077,Kavya054@email.com,9880656401,INDIAN,CURRENT,1
110,Vikram Iyengar,"19, Malabar Lane
Kozhikode, Kerala 673006",ACC0000110,1971-10-27,MALE,TUVWX5678WWW,1.0101E+12,HDFC,HDFC0009077,Vikram341@email.com,9449122395,INDIAN,CURRENT,1
111,Lakshmi Balaji,"12, Vembanad Street
Mysuru, Karnataka 570006
",ACC0000111,1993-01-08,FEMALE,YZABC1234XXX,1.0202E+12,HDFC,HDFC0009077,Lakshmi035@email.com,9448333544,INDIAN,SAVING,1
112,Niharika Rajan,"15, Chettinad Park
Chennai, Tamil Nadu 600007",ACC0000112,1984-06-22,FEMALE,DEFGH5678YYY,1.0303E+12,HDFC,HDFC0009077,Niharika887@email.com,9823740584,INDIAN,SAVING,1
113,Pranav Nambiar,"9, Cardamom Lane
Kochi, Kerala 682007
",ACC0000113,1975-09-05,MALE,IJKLMN9012ZZZ,1.0404E+12,HDFC,HDFC0009077,Pranav231@email.com,9886467551,INDIAN,SAVING,1
114,Rhea Suresh,"34, Cauvery Road
Hyderabad, Telangana 500007
",ACC0000114,1992-12-17,FEMALE,OPQRS2345AAAA,1.05051E+12,HDFC,HDFC0009077,Rhea068@email.com,9850436392,INDIAN,SAVING,1
115,Sagarika Rao,"18, Palakkad Nagar
Bengaluru, Karnataka 560007",ACC0000115,1986-02-19,FEMALE,TUVWX5678BBBB,1.06061E+12,SBI,SBIN0000813,Sagarika342@email.com,9449291658,INDIAN,SAVING,1
116,Tarun Subramanian,"22, Kaveri Street
Coimbatore, Tamil Nadu 641007",ACC0000116,1978-08-04,MALE,YZABC1234CCCC,1.07071E+12,SBI,SBIN0000813,Tarun940@email.com,8904935363,INDIAN,SAVING,1
117,Uma Sundaram,"27, Nilgiri Lane
Thiruvananthapuram, Kerala 695007",ACC0000117,1995-05-29,FEMALE,DEFGH5678DDDD,1.08081E+12,SBI,SBIN0000813,Uma856@email.com,9916464887,INDIAN,SAVING,1
118,Varun Mahadevan,"8, Mysore Lane
Mangaluru, Karnataka 575007
",ACC0000118,1981-11-08,MALE,IJKLMN9012EEEE,1.09091E+12,SBI,SBIN0000813,Varun045@email.com,7899092602,INDIAN,SAVING,1
119,Veda Raman,"31, Vembanad Park
Madurai, Tamil Nadu 625007",ACC0000119,1970-07-20,FEMALE,OPQRS2345FFFF,1.10101E+12,SBI,SBIN0000813,Veda045@email.com,9686575223,INDIAN,SAVING,1
120,Zara Venkatesh,"16, Chettinad Lane
Kozhikode, Kerala 673007",ACC0000120,1999-03-24,FEMALE,TUVWX5678GGGG,1.11111E+12,SBI,SBIN0000813,Zara372@email.com,9916287784,INDIAN,SAVING,1
121,Aravindan Ramaswamy,"20, Malabar Road
Mysuru, Karnataka 570007",ACC0000121,1989-09-12,MALE,YZABC1234HHHH,1.21212E+12,SBI,SBIN0000813,Aravindan912@email.com,9823764747,INDIAN,SAVING,1
122,Bhuvana Lakshmanan,"25, Chola Street
Chennai, Tamil Nadu 600008
",ACC0000122,1974-12-01,FEMALE,DEFGH5678IIII,1.31313E+12,SBI,SBIN0000813,Bhuvana012@email.com,9880370795,INDIAN,SAVING,0
123,Deepika Narayanan,"11, Cardamom Park
Kochi, Kerala 682008",ACC0000123,1997-06-06,FEMALE,IJKLMN9012JJJJ,1.41414E+12,SBI,SBIN0000813,Deepika001@email.com,9449077714,INDIAN,SAVING,1
124,Elango Krishnan,"28, Cauvery Lane
Hyderabad, Telangana 500008",ACC0000124,1983-04-14,MALE,OPQRS2345KKKK,1.51515E+12,SBI,SBIN0000813,Elango865@email.com,7899740090,INDIAN,SAVING,1
125,Gayathri Iyer,"17, Palakkad Street
Bengaluru, Karnataka 560008",ACC0000125,1977-10-30,FEMALE,TUVWX5678LLLL,1.61616E+12,SBI,SBIN0000813,Gayathri001@email.com,9036249580,INDIAN,SAVING,1
126,Hariharan Subramanian,"24, Kaveri Park
Coimbatore, Tamil Nadu 641008
",ACC0000126,1991-01-13,MALE,YZABC1234MMMM,1.71717E+12,INDIAN,IDIB000A002,Hariharan123@email.com,9975604327,INDIAN,SAVING,1
127,Indira Ranganathan,"13, Nilgiri Enclave
Thiruvananthapuram, Kerala 695008",ACC0000127,1988-05-18,FEMALE,DEFGH5678NNNN,1.81818E+12,INDIAN,IDIB000N011,Indira451@email.com,7620737580,INDIAN,SAVING,1
128,Jayaraman Venkatesh,"36, Mysore Road
Mangaluru, Karnataka 575008",ACC0000128,1972-08-07,MALE,IJKLMN9012OOOO,1.91919E+12,INDIAN,IDIB000N011,Jayaraman0023@email.com,9611215721,INDIAN,CURRENT,1
129,Kalyani Srinivasan,"23, Vembanad Lane
Madurai, Tamil Nadu 625008",ACC0000129,1994-11-26,FEMALE,OPQRS2345PPPP,2.0202E+12,INDIAN,IDIB000N011,Kalyani55@email.com,7406632579,INDIAN,CURRENT,1
130,Lakshman Prakash,"18, Chettinad Road
Kozhikode, Kerala 673008",ACC0000130,1985-03-09,MALE,TUVWX5678QQQQ,2.12121E+12,INDIAN,IDIB000A002,Lakshman090@email.com,9590080012,INDIAN,CURRENT,1
131,Meenakshi Balasubramanian,"22, Malabar Park
Mysuru, Karnataka 570008",ACC0000131,1976-06-28,FEMALE,YZABC1234RRRR,2.22222E+12,INDIAN,IDIB000A002,Meenakshi003@email.com,9590078197,INDIAN,CURRENT,1
132,Narayanan Iyengar,"27, Chola Lane
Chennai, Tamil Nadu 600009",ACC0000132,1990-09-20,MALE,DEFGH5678SSSS,2.32323E+12,INDIAN,IDIB000A002,Narayanan651@email.com,9902164344,INDIAN,CURRENT,1
133,Oviya Ganesh,"12, Cardamom Street
Kochi, Kerala 682009",ACC0000133,1982-01-03,FEMALE,IJKLMN9012TTTT,2.42424E+12,INDIAN,IDIB000A002,Oviya001@email.com,9591082950,INDIAN,CURRENT,1
134,Pradeep Kumaraswamy,"29, Cauvery Park
Hyderabad, Telangana 500009
",ACC0000134,1979-04-25,MALE,OPQRS2345UUUU,2.52525E+12,INDIAN,IDIB000A002,Pradeep626@email.com,9916151919,INDIAN,CURRENT,1
135,Rajalakshmi Chandrasekhar,"20, Palakkad Lane
Bengaluru, Karnataka 560009",ACC0000135,1996-08-11,FEMALE,TUVWX5678VVVV,2.62626E+12,INDIAN,IDIB000A002,Rajalakshmi105@email.com,9483486254,INDIAN,CURRENT,1
136,Sathish Kumar,"26, Kaveri Lane
Coimbatore, Tamil Nadu 641009",ACC0000136,1987-12-19,MALE,YZABC1234WWWW,2.72727E+12,AXIS,UTIB0000082,Sathish102@email.com,9665950814,INDIAN,CURRENT,1
137,Tharani Rajagopal,"15, Nilgiri Street
Thiruvananthapuram, Kerala 695009",ACC0000137,1973-05-16,FEMALE,DEFGH5678XXXX,2.82828E+12,AXIS,UTIB0000082,Tharani110@email.com,7676537207,INDIAN,CURRENT,1
138,Usha Manohar,"38, Mysore Lane
Mangaluru, Karnataka 575009",ACC0000138,1998-10-31,FEMALE,IJKLMN9012YYYY,2.92929E+12,AXIS,UTIB0000082,Usha024@email.com,9448651786,INDIAN,CURRENT,1
139,Varsha Ramesh,"20, Vembanad Street
Madurai, Tamil Nadu 625009",ACC0000139,1980-04-20,FEMALE,OPQRS2345ZZZZ,3.0303E+12,AXIS,UTIB0000082,Varsha004@email.com,9665293604,INDIAN,CURRENT,1
140,Vigneshwaran Thiagarajan,"21, Chettinad Lane
Kozhikode, Kerala 673009
",ACC0000140,1971-11-05,MALE,TUVWX5678AAAAA,3.13131E+12,AXIS,UTIB0000082,Vigneshwaran747@email.com,9406467600,INDIAN,CURRENT,1
141,Akshaya Krishnamurthy,"24, Malabar Road
Mysuru, Karnataka 570009",ACC0000141,1993-02-16,FEMALE,YZABC1234BBBBB,3.23232E+12,AXIS,UTIB0000082,Akshaya089@email.com,9209666375,INDIAN,CURRENT,1
142,Barath Rajendran,"14, Nilgiri Lane
Chennai, Tamil Nadu 600010",ACC0000142,1984-07-01,MALE,DEFGH5678CCCCC,3.33333E+12,AXIS,UTIB0000082,Barath012@email.com,9448749565,INDIAN,CURRENT,1
143,Charulatha Devan,"29, Cardamom Street
Kochi, Kerala 682010",ACC0000143,1975-09-11,FEMALE,IJKLMN9012DDDDD,3.43434E+12,AXIS,UTIB0000082,Charulatha110@email.com,9449034789,INDIAN,CURRENT,1
144,Dinesh Anandan,"22, Cauvery Park
Bengaluru, Karnataka 560010
",ACC0000144,1992-12-24,MALE,OPQRS2345EEEEE,3.53535E+12,AXIS,UTIB0000082,Dinesh010@email.com,8591604960,INDIAN,CURRENT,1
145,Eshwari Govindarajan,"11, Kaveri Lane
Coimbatore, Tamil Nadu 641010",ACC0000145,1986-02-05,FEMALE,TUVWX5678FFFFF,3.63636E+12,AXIS,UTIB0000082,Eshwari002@email.com,9739634642,INDIAN,SAVING,1
146,Harini Viswanathan,"21, Palakkad Lane
Hyderabad, Telangana 500010",ACC0000146,1978-07-24,MALE,YZABC1234GGGGG,3.73737E+12,AXIS,UTIB0000082,Harini768@email.com,9611500850,INDIAN,SAVING,1
147,Gayathiri Sampath,"5, Chettinad Road
Thiruvananthapuram, Kerala 695010
",ACC0000147,1995-06-02,FEMALE,DEFGH5678HHHHH,3.83838E+12,AXIS,UTIB0000082,Gayathiri123@email.com,9545499680,INDIAN,SAVING,1
148,Ilayaraja Mani,"38, Vembanad Street
Mangaluru, Karnataka 575010
",ACC0000148,1981-10-14,MALE,IJKLMN9012IIIII,3.93939E+12,ICICI,ICIC0006020,Ilayaraja546@email.com,9420357024,INDIAN,SAVING,1
149,Jayanthi Ramachandran,"26, Mysore Lane
Madurai, Tamil Nadu 625010",ACC0000149,1970-08-15,FEMALE,OPQRS2345JJJJJ,4.0404E+12,ICICI,ICIC0006020,Jayanthi01@email.com,7588374339,INDIAN,SAVING,1
150,Kaviyarasu Ganesan,"19, Malabar Lane
Kozhikode, Kerala 673010",ACC0000150,1996-05-07,MALE,TUVWX5678KKKKK,4.14141E+12,ICICI,ICIC0006020,Kaviyarasu88@email.com,9480270011,INDIAN,SAVING,1
151,Lakshmi Narasimhan,"12, Nilgiri Street
Mysuru, Karnataka 570010",ACC0000151,1988-09-18,FEMALE,YZABC1234LLLLL,4.24242E+12,ICICI,ICIC0006020,Lakshmi09@email.com,9449291592,INDIAN,SAVING,1
152,Maheshwari Palaniappan,"15, Cardamom Lane
Chennai, Tamil Nadu 600011",ACC0000152,1979-11-23,FEMALE,DEFGH5678MMMMM,4.34343E+12,ICICI,ICIC0006020,Maheshwari65@email.com,9449123521,INDIAN,SAVING,1
153,Naveen Kumaravel,"9, Cauvery Street
Kochi, Kerala 682011",ACC0000153,1982-03-01,MALE,IJKLMN9012NNNNN,4.44444E+12,ICICI,ICIC0006020,Naveen12@email.com,9922263548,INDIAN,SAVING,1
154,Oormila Sankaran,"34, Kaveri Lane
Bengaluru, Karnataka 560011",ACC0000154,1975-07-12,FEMALE,OPQRS2345OOOOO,4.54545E+12,ICICI,ICIC0001045,Oormila09@email.com,9035120102,INDIAN,SAVING,1
155,Prabhu Chandrasekaran,"18, Palakkad Lane
Coimbatore, Tamil Nadu 641011",ACC0000155,1990-01-30,MALE,TUVWX5678PPPPP,4.64646E+12,ICICI,ICIC0001045,Prabhu897@email.com,9850822799,INDIAN,SAVING,0
156,Rukmini Balakrishnan,"22, Chettinad Park
Hyderabad, Telangana 500011",ACC0000156,1983-06-20,FEMALE,YZABC1234QQQQQ,4.74747E+12,ICICI,ICIC0001045,Rukmini534@email.com,9881768975,INDIAN,SAVING,1
157,Senthilnathan Mahadevan,"27, Vembanad Road
Thiruvananthapuram, Kerala 695011",ACC0000157,1977-10-05,MALE,DEFGH5678RRRRR,4.84848E+12,ICICI,ICIC0001045,Senthilnathan123@email.com,9970041349,INDIAN,SAVING,1
158,Thulasi Iyer,"16, Mysore Road
Mangaluru, Karnataka 575011",ACC0000158,1994-02-13,FEMALE,IJKLMN9012SSSSS,4.94949E+12,ICICI,ICIC0001045,Thulasi534@email.com,8888222584,INDIAN,SAVING,1
159,Uthra Sundaram,"31, Malabar Park
Madurai, Tamil Nadu 625011",ACC0000159,1986-08-24,FEMALE,OPQRS2345TTTTT,5.05051E+12,ICICI,ICIC0001045,Uthra890@email.com,8087309677,INDIAN,SAVING,1
160,Aadhya Nair,"26, Nilgiri Street
Kozhikode, Kerala 673011",ACC0000160,1978-12-11,FEMALE,TUVWX5678UUUUU,5.15152E+12,HDFC,HDFC0001866,Aadhya110@email.com,9960289944,INDIAN,SAVING,1
161,Zara Rajan,"20, Cardamom Lane
Mysuru, Karnataka 570011",ACC0000161,1991-04-08,FEMALE,YZABC1234VVVVV,5.25253E+12,HDFC,HDFC0001866,Zara717@email.com,9921051951,INDIAN,SAVING,1
162,Arnav Menon,"25, Cauvery Lane
Chennai, Tamil Nadu 600012",ACC0000162,1984-09-15,MALE,DEFGH5678WWWWW,5.35354E+12,HDFC,HDFC0001866,Arnav709@email.com,8087814240,INDIAN,SAVING,1
163,Anaya Nair,"11, Kaveri Park
Kochi, Kerala 682012",ACC0000163,1973-11-29,FEMALE,IJKLMN9012XXXXX,5.45455E+12,HDFC,HDFC0001866,Anaya504@email.com,9881249556,INDIAN,SAVING,1
164,Aarushi Rajan,"28, Bengaluru Road
Bengaluru, Karnataka 560012",ACC0000164,1992-01-16,FEMALE,OPQRS2345YYYYY,5.55556E+12,HDFC,HDFC0001866,Aarushi090@email.com,9225833310,INDIAN,SAVING,1
165,Vihaan Suresh,"17, Coimbatore Lane
Coimbatore, Tamil Nadu 641012",ACC0000165,1985-05-23,MALE,TUVWX5678ZZZZZ,5.65657E+12,HDFC,HDFC0001866,Vihaan005@email.com,9881303031,INDIAN,SAVING,1
166,Diya Reddy,"24, Hyderabad Street
Hyderabad, Telangana 500012",ACC0000166,1976-07-04,FEMALE,YZABC1234AAAAAA,5.75758E+12,HDFC,HDFC0001866,Diya081@email.com,9503014315,INDIAN,SAVING,1
167,Rohan Menon,"13, Thiruvananthapuram Road
Thiruvananthapuram, Kerala 695012",ACC0000167,1999-03-27,MALE,DEFGH5678BBBBBB,5.85859E+12,HDFC,HDFC0001866,Rohan031@email.com,8446866385,INDIAN,SAVING,1
168,Anika Kumar,"36, Mangaluru Park
Mangaluru, Karnataka 575012",ACC0000168,1989-07-28,FEMALE,IJKLMN9012CCCCCC,5.9596E+12,HDFC,HDFC0001866,Anika013@email.com,9423535197,INDIAN,SAVING,1
169,Ishita Iyer,"23, Madurai Lane
Madurai, Tamil Nadu 625012",ACC0000169,1974-10-09,FEMALE,OPQRS2345DDDDD,6.06061E+12,HDFC,HDFC0001866,Ishita506@email.com,9970504178,INDIAN,SAVING,1
170,Aadhya Nair,"28, Kozhikode Street
Kozhikode, Kerala 673012",ACC0000170,1997-02-21,FEMALE,TUVWX5678EEEEEE,6.16162E+12,HDFC,HDFC0001866,Aadhya056@email.com,9623666991,INDIAN,CURRENT,1
171,Zara Rajan,"21, Mysuru Lane
Mysuru, Karnataka 570012",ACC0000171,1981-06-11,FEMALE,YZABC1234FFFFF,6.26263E+12,HDFC,HDFC0001866,Zara021@email.com,9503014308,INDIAN,CURRENT,1
172,Arnav Menon,"16, Chennai Road
Chennai, Tamil Nadu 600013
",ACC0000172,1970-08-16,MALE,DEFGH5678GGGGG,6.36364E+12,HDFC,HDFC0001866,Arnav009@email.com,9503014311,INDIAN,CURRENT,1
173,Anaya Nair,"12, Kochi Lane
Kochi, Kerala 682013",ACC0000173,1995-01-25,FEMALE,IJKLMN9012HHHHH,6.46465E+12,HDFC,HDFC0001866,Anaya67@email.com,9890351358,INDIAN,CURRENT,1
174,Aarushi Rajan,"29, Bengaluru Lane
Bengaluru, Karnataka 560013",ACC0000174,1987-04-04,FEMALE,OPQRS2345IIIII,6.56566E+12,SBI,SBIN0000300,Aarushi120@email.com,9890445644,INDIAN,CURRENT,1
175,Vihaan Suresh,"14, Coimbatore Street
Coimbatore, Tamil Nadu 641013
",ACC0000175,1979-09-28,MALE,TUVWX5678JJJJJ,6.66667E+12,SBI,SBIN0000300,Vihaan087@email.com,9921015274,INDIAN,CURRENT,1
176,Diya Reddy,"20, Hyderabad Park
Hyderabad, Telangana 500013
",ACC0000176,1996-03-08,FEMALE,YZABC1234KKKKK,6.76768E+12,SBI,SBIN0000300,Diya123@email.com,8308703341,INDIAN,CURRENT,1
177,Rohan Menon,"15, Thiruvananthapuram Street
Thiruvananthapuram, Kerala 695013
",ACC0000177,1988-11-14,MALE,DEFGH5678LLLLL,6.86869E+12,SBI,SBIN0000300,Rohan321@email.com,9637447693,INDIAN,CURRENT,1
178,Anika Kumar,"32, Mangaluru Lane
Mangaluru, Karnataka 575013",ACC0000178,1977-01-19,FEMALE,IJKLMN9012MMMMM,6.9697E+12,SBI,SBIN0000300,Anika789@email.com,9970341660,INDIAN,CURRENT,1
179,Ishita Iyer,"24, Madurai Park
Madurai, Tamil Nadu 625013
",ACC0000179,1990-05-29,FEMALE,OPQRS2345NNNNN,7.07071E+12,SBI,SBIN0000300,Ishita563@email.com,9503014317,INDIAN,CURRENT,1
180,Aadhya Nair,"21, Kozhikode Lane
Kozhikode, Kerala 673013
",ACC0000180,1983-07-06,FEMALE,TUVWX5678OOOOO,7.17172E+12,SBI,SBIN0000300,Aadhya352@email.com,8975891771,INDIAN,CURRENT,1
181,Zara Rajan,"18, Mysuru Street
Mysuru, Karnataka 570013",ACC0000181,1975-11-17,FEMALE,YZABC1234PPPPP,7.27273E+12,SBI,SBIN0000300,Zara312@email.com,8483943673,INDIAN,CURRENT,1
182, Arjun Kumar       ," 123 Main Street, Chennai, India     ",ACC0000182,1990-04-12,MALE,DEFGH5678QQQQQ,7.37374E+12,SBI,SBIN0000300, arjun.kumar@email.com            ,9923984988,INDIAN,CURRENT,1
183, Priya Nair        ," 456 Park Avenue, Bangalore, India   ",ACC0000183,1982-08-23,FEMALE,IJKLMN9012RRRRR,7.47475E+12,SBI,SBIN0000300, priya.nair@email.com             ,9850638813,INDIAN,CURRENT,1
184, Rajesh Menon      ," 789 Oak Lane, Hyderabad, India      ",ACC0000184,1976-12-01,MALE,OPQRS2345SSSSS,7.57576E+12,INDIAN,IDIB000C022, rajesh.menon@email.com           ,9096779709,INDIAN,CURRENT,1
185, Deepa Shankar     ," 101 Pine Road, Kochi, India         ",ACC0000185,1991-04-30,FEMALE,TUVWX5678TTTTT,7.67677E+12,INDIAN,IDIB000C023, deepa.shankar@email.com          ,8600020778,INDIAN,CURRENT,1
186, Vishnu Pillai     ," 202 Maple Street, Mysore, India     ",ACC0000186,1984-10-18,MALE,YZABC1234UUUUU,7.77778E+12,INDIAN,IDIB000C024, vishnu.pillai@email.com          ,9421071204,INDIAN,CURRENT,1
187, Ananya Iyer       ," 303 Cedar Lane, Coimbatore, India   ",ACC0000187,1974-01-24,FEMALE,DEFGH5678VVVVV,7.87879E+12,INDIAN,IDIB000C025, ananya.iyer@email.com            ,9741062721,INDIAN,CURRENT,1
188, Karthik Raghavan  ," 404 Elm Court, Trivandrum, India    ",ACC0000188,1992-06-09,MALE,IJKLMN9012WWWWW,7.9798E+12,INDIAN,IDIB000C026, karthik.raghavan@email.com       ,9921141198,INDIAN,CURRENT,1
189, Meera Krishnan    ," 505 Birch Avenue, Madurai, India    ",ACC0000189,1986-09-19,FEMALE,OPQRS2345XXXXX,8.08081E+12,INDIAN,IDIB000A002, meera.krishnan@email.com         ,9975383989,INDIAN,CURRENT,1
190, Prakash Raj       ," 606 Willow Drive, Vijayawada, India ",ACC0000190,1978-12-25,MALE,TUVWX5678YYYYY,8.18182E+12,INDIAN,IDIB000A002, prakash.raj@email.com            ,9823521873,INDIAN,CURRENT,1
191, Shalini Nandakumar," 707 Redwood Circle, Pondicherry, India ",ACC0000191,1996-02-03,FEMALE,YZABC1234ZZZZZ,8.28283E+12,INDIAN,IDIB000A002, shalini.nanda@email.com        ,9503014312,INDIAN,CURRENT,1
192, Sneha Kapoor      ," 123 Rose Lane, Chennai, India       ",ACC0000192,1989-06-27,FEMALE,DEFGH5678AAAAAA,8.38384E+12,INDIAN,IDIB000A002, sneha.kapoor@email.com            ,9637889737,INDIAN,CURRENT,1
193, Rakesh Sharma     ," 456 Lily Avenue, Bangalore, India   ",ACC0000193,1979-08-07,MALE,IJKLMN9012BBBBBB,8.48485E+12,INDIAN,IDIB000A002, rakesh.sharma@email.com           ,7588795537,INDIAN,CURRENT,1
194, Anjali Reddy      ," 789 Sunflower Court, Hyderabad, India ",ACC0000194,1997-03-15,FEMALE,OPQRS2345CCCCCC,8.58586E+12,INDIAN,IDIB000A002, anjali.reddy@email.com           ,9657698589,INDIAN,CURRENT,1
195, Kartik Menon      ," 101 Daisy Road, Kochi, India        ",ACC0000195,1981-05-14,MALE,TUVWX5678DDDDD,8.68687E+12,AXIS,UTIB0000082, kartik.menon@email.com            ,9423325938,INDIAN,CURRENT,1
196, Nisha Iyer        ," 202 Tulip Street, Mysore, India     ",ACC0000196,1970-09-30,FEMALE,YZABC1234EEEEE,8.78788E+12,AXIS,UTIB0000082, nisha.iyer@email.com              ,9823749886,INDIAN,CURRENT,1
197, Harish Patel      ," 303 Orchid Lane, Coimbatore, India   ",ACC0000197,1995-02-10,MALE,DEFGH5678FFFFF,8.88889E+12,AXIS,UTIB0000082, harish.patel@email.com           ,9850680579,INDIAN,CURRENT,1
198, Swathi Raghavan   ," 404 Magnolia Court, Trivandrum, India ",ACC0000198,1987-04-22,FEMALE,IJKLMN9012GGGGG,8.9899E+12,AXIS,UTIB0000082, swathi.raghavan@email.com        ,9008352813,INDIAN,CURRENT,1
199, Rohit Nair        ," 505 Jasmine Avenue, Madurai, India   ",ACC0000199,1973-10-02,MALE,OPQRS2345HHHHH,8.9899E+12,AXIS,UTIB0000082, rohit.nair@email.com              ,9739930254,INDIAN,CURRENT,1
200, Kavya Raj         ," 606 Iris Drive, Vijayawada, India    ",ACC0000200,1980-07-13,FEMALE,TUVWX5678IIIII,9E+12,AXIS,UTIB0000082, kavya.raj@email.com               ,8600020780,INDIAN,CURRENT,1
201, Arvind Menon      ," 707 Azalea Circle, Pondicherry, India ",ACC0000201,1976-11-26,MALE,YZABC1234JJJJJ,9.10101E+12,AXIS,UTIB0000082, arvind.menon@email.com           ,9823830939,INDIAN,CURRENT,1
202, Nithya Krishnan   ," 808 Marigold Lane, Kochi, India      ",ACC0000202,1992-01-04,FEMALE,DEFGH5678KKKKK,9.20202E+12,AXIS,UTIB0000082, nithya.krishnan@email.com         ,9273552819,INDIAN,CURRENT,1
203, Karishma Rao      ," 909 Carnation Street, Bangalore, India ",ACC0000203,1985-05-18,MALE,IJKLMN9012LLLLL,9.30303E+12,AXIS,UTIB0000082, karishma.rao@email.com          ,8806310578,INDIAN,CURRENT,1
204, Vikram Sundaram   ," 101 Lotus Road, Hyderabad, India      ",ACC0000204,1979-08-31,MALE,OPQRS2345MMMMM,9.40404E+12,AXIS,UTIB0000082, vikram.sundaram@email.com        ,9850027822,INDIAN,CURRENT,1
205, Anusha Kumar      ," 202 Petunia Street, Kochi, India     ",ACC0000205,1998-03-21,FEMALE,TUVWX5678NNNNN,9.50505E+12,ICICI,ICIC0001045, anusha.kumar@email.com            ,8421055327,INDIAN,CURRENT,1
206, Rahul Nandakumar  ," 303 Bluebell Lane, Mysore, India     ",ACC0000206,1973-09-10,MALE,YZABC1234OOOOO,9.60606E+12,ICICI,ICIC0001045, rahul.nandakumar@email.com        ,9049375995,INDIAN,CURRENT,1
207, Divya Patel       ," 404 Camellia Court, Coimbatore, India ",ACC0000207,1990-12-07,FEMALE,DEFGH5678PPPPP,9.70707E+12,ICICI,ICIC0001045, divya.patel@email.com           ,9673229789,INDIAN,CURRENT,1
208, Ravi Iyengar      ," 505 Snapdragon Avenue, Trivandrum, India ",ACC0000208,1981-02-15,MALE,IJKLMN9012QQQQQ,9.80808E+12,ICICI,ICIC0001045, ravi.iyengar@email.com        ,9960304910,INDIAN,CURRENT,1
209, Meenakshi Raj     ," 606 Violet Drive, Madurai, India      ",ACC0000209,1975-06-29,FEMALE,OPQRS2345RRRRR,9.90909E+12,ICICI,ICIC0001045, meenakshi.raj@email.com          ,7259955597,INDIAN,CURRENT,1
210, Prabhu Nambiar    ," 707 Dahlia Circle, Vijayawada, India  ",ACC0000210,1995-10-20,MALE,TUVWX5678SSSSS,1.0101E+13,ICICI,ICIC0006020, prabhu.nambiar@email.com         ,9503014314,INDIAN,CURRENT,1
211, Shreya Sharma     ," 808 Zinnia Lane, Pondicherry, India  ",ACC0000211,1987-01-28,FEMALE,YZABC1234TTTTT,1.0202E+13,ICICI,ICIC0006020, shreya.sharma@email.com          ,9665788109,INDIAN,CURRENT,1
212,Akash Menon       ," 909 Sunflower Court, Bangalore, India ",ACC0000212,1971-04-04,MALE,DEFGH5678UUUUU,1.0303E+13,ICICI,ICIC0006020, akash.menon@email.com           ,9272651024,INDIAN,CURRENT,1
213, Advait Singh      ," 123 Tulip Street, Chennai, India     ",ACC0000213,1993-08-26,MALE,IJKLMN9012VVVVV,1.0404E+13,ICICI,ICIC0006020, advait.singh@email.com            ,9028595633,INDIAN,CURRENT,1
214, Bhumika Menon     ," 456 Pine Road, Bangalore, India      ",ACC0000214,1984-12-03,FEMALE,OPQRS2345WWWWW,1.05051E+13,ICICI,ICIC0006020, bhumika.menon@email.com           ,7276722624,INDIAN,CURRENT,1
215, Chetan Sharma     ," 789 Cedar Lane, Hyderabad, India      ",ACC0000215,1978-02-19,MALE,TUVWX5678XXXXX,1.06061E+13,ICICI,ICIC0006020, chetan.sharma@email.com           ,9423207896,INDIAN,CURRENT,1
216, Dia Patel         ," 101 Maple Avenue, Kochi, India        ",ACC0000216,1997-06-15,FEMALE,YZABC1234YYYYY,1.07071E+13,HDFC,HDFC0000206, dia.patel@email.com               ,9503014310,INDIAN,CURRENT,1
217, Eesha Iyer        ," 202 Lotus Road, Mysore, India         ",ACC0000217,1970-10-25,FEMALE,DEFGH5678ZZZZZ,1.08081E+13,HDFC,HDFC0000206, eesha.iyer@email.com              ,9822853830,INDIAN,CURRENT,1
218, Faris Patel       ," 303 Dahlia Circle, Coimbatore, India  ",ACC0000218,1983-04-09,MALE,IJKLMN9012AAAAA,1.09091E+13,HDFC,HDFC0000206, faris.patel@email.com             ,9881998314,INDIAN,CURRENT,0
219, Gargi Raghavan    ," 404 Marigold Lane, Trivandrum, India  ",ACC0000219,1999-07-01,MALE,OPQRS2345BBBBB,1.10101E+13,HDFC,HDFC0000206, gargi.raghavan@email.com          ,9922146398,INDIAN,CURRENT,1
220, Harun Nair        ," 505 Iris Drive, Madurai, India        ",ACC0000220,1974-11-11,MALE,TUVWX5678CCCCC,1.11111E+13,HDFC,HDFC0000206, harun.nair@email.com              ,9527183074,INDIAN,CURRENT,1
221, Ila Rajan         ," 606 Rose Lane, Vijayawada, India      ",ACC0000221,1986-01-22,MALE,YZABC1234DDDDD,1.21212E+13,HDFC,HDFC0000206, ila.rajan@email.com               ,9766263734,INDIAN,CURRENT,1
222, Jivin Nandakumar  ," 707 Violet Drive, Pondicherry, India  ",ACC0000222,1972-05-06,MALE,DEFGH5678EEEEE,1.31313E+13,HDFC,HDFC0000206, jivin.nanda@email.com             ,9860773542,INDIAN,CURRENT,1
223, Kaia Kumar        ," 808 Orchid Lane, Kochi, India         ",ACC0000223,1980-08-17,MALE,IJKLMN9012FFFFF,1.41414E+13,HDFC,HDFC0000206, kaia.kumar@email.com              ,9503014306,INDIAN,CURRENT,1
224, Lakshita Patel    ," 909 Snapdragon Avenue, Bangalore, India ",ACC0000224,1991-12-29,FEMALE,OPQRS2345GGGGG,1.51515E+13,HDFC,HDFC0000206, lakshita.patel@email.com       ,9689003218,INDIAN,SAVING,1
225, Mehr Sundaram     ," 101 Lotus Road, Hyderabad, India      ",ACC0000225,1977-03-09,MALE,TUVWX5678HHHHH,1.61616E+13,HDFC,HDFC0000206, mehr.sundaram@email.com           ,9011415207,INDIAN,SAVING,1
226, Naman Iyer        ," 202 Camellia Court, Kochi, India      ",ACC0000226,1994-05-01,MALE,YZABC1234IIIII,1.71717E+13,HDFC,HDFC0000206, naman.iyer@email.com              ,9096265085,INDIAN,SAVING,1
227, Ovia Raghavan     ," 303 Rose Lane, Mysore, India          ",ACC0000227,1982-09-14,FEMALE,DEFGH5678JJJJJ,1.81818E+13,HDFC,HDFC0000206, ovia.raghavan@email.com           ,9890619313,INDIAN,SAVING,1
228, Pranet Patel      ," 404 Orchid Lane, Coimbatore, India    ",ACC0000228,1976-12-22,MALE,IJKLMN9012KKKKK,1.91919E+13,SBI,SBIN0000800, pranet.patel@email.com            ,9552896713,INDIAN,SAVING,1
229, Qara Iyengar      ," 505 Snapdragon Avenue, Trivandrum, India ",ACC0000229,1988-04-11,FEMALE,OPQRS2345LLLLL,2.0202E+13,SBI,SBIN0000800, qara.iyengar@email.com        ,9028564734,INDIAN,SAVING,1
230, Ruvan Raj         ," 606 Bluebell Lane, Madurai, India      ",ACC0000230,1979-07-25,MALE,TUVWX5678MMMMM,2.12121E+13,SBI,SBIN0000800, ruvan.raj@email.com               ,9096137990,INDIAN,SAVING,1
231, Saara Nambiar     ," 707 Zinnia Lane, Vijayawada, India    ",ACC0000231,1996-11-16,FEMALE,YZABC1234NNNNN,2.22222E+13,SBI,SBIN0000800, saara.nambiar@email.com           ,9689681113,INDIAN,SAVING,1
232, Taran Sharma      ," 808 Petunia Street, Pondicherry, India ",ACC0000232,1975-01-05,MALE,DEFGH5678OOOOO,2.32323E+13,SBI,SBIN0000800, taran.sharma@email.com           ,9096511954,INDIAN,SAVING,1
233, Uvi Patel         ," 909 Carnation Street, Kochi, India     ",ACC0000233,1989-03-18,MALE,IJKLMN9012PPPPP,2.42424E+13,SBI,SBIN0000800, uvi.patel@email.com               ,9850009502,INDIAN,SAVING,1
234, Vara Iyer         ," 101 Azalea Circle, Bangalore, India    ",ACC0000234,1973-06-11,FEMALE,OPQRS2345QQQQQ,2.52525E+13,SBI,SBIN0000800, vara.iyer@email.com               ,9763674884,INDIAN,SAVING,1
235, Wendy Sundaram    ," 202 Snapdragon Avenue, Hyderabad, India ",ACC0000235,1992-10-30,MALE,TUVWX5678RRRRR,2.62626E+13,SBI,SBIN0000800, wendy.sundaram@email.com       ,9960706313,INDIAN,SAVING,1
236, Xian Kumar        ," 303 Rose Lane, Mysore, India           ",ACC0000236,1985-02-24,MALE,YZABC1234SSSSS,2.72727E+13,SBI,SBIN0000800, xian.kumar@email.com              ,9850983192,INDIAN,SAVING,1
237, Yana Reddy        ," 404 Dahlia Circle, Coimbatore, India   ",ACC0000237,1978-05-05,MALE,DEFGH5678TTTTT,2.82828E+13,SBI,SBIN0000800, yana.reddy@email.com              ,9850148467,INDIAN,SAVING,1
238, Zayd Sharma       ," 505 Marigold Lane, Trivandrum, India   ",ACC0000238,1997-09-03,MALE,IJKLMN9012UUUUU,2.92929E+13,SBI,SBIN0000800, zayd.sharma@email.com             ,9921481606,INDIAN,SAVING,1
239, Aarna Nair        ," 606 Bluebell Lane, Madurai, India      ",ACC0000239,1970-12-14,MALE,OPQRS2345VVVVV,3.0303E+13,INDIAN,IDIB000C022, aarna.nair@email.com              ,9850503887,INDIAN,SAVING,1
240, Bhuvan Patel      ," 707 Orchid Lane, Vijayawada, India     ",ACC0000240,1983-03-27,MALE,TUVWX5678WWWWW,3.13131E+13,INDIAN,IDIB000C022, bhuvan.patel@email.com            ,9503014212,INDIAN,SAVING,1
241, Chaitra Rajan     ," 808 Lotus Road, Pondicherry, India     ",ACC0000241,1999-08-09,FEMALE,YZABC1234XXXXX,3.23232E+13,INDIAN,IDIB000C022, chaitra.rajan@email.com           ,9921382802,INDIAN,SAVING,1
242, Daksh Menon       ," 909 Carnation Street, Kochi, India     ",ACC0000242,1974-10-12,MALE,DEFGH5678YYYYY,3.33333E+13,INDIAN,IDIB000C022, daksh.menon@email.com             ,9370561433,INDIAN,SAVING,1
243, Aanya Sharma     ," 123 Magnolia Court, Chennai, India   ",ACC0000243,1986-12-26,FEMALE,IJKLMN9012ZZZZZ,3.43434E+13,INDIAN,IDIB000C022, aanya.sharma@email.com             ,8421672860,INDIAN,SAVING,1
244, Bhuvan Patel     ," 456 Pine Road, Bangalore, India      ",ACC0000244,1991-04-18,MALE,OPQRS2345AAAAA,3.53535E+13,INDIAN,IDIB000A002, bhuvan.patel@email.com             ,9975454176,INDIAN,SAVING,1
245, Charvi Iyer      ," 789 Cedar Lane, Hyderabad, India      ",ACC0000245,1977-08-01,MALE,TUVWX5678BBBBB,3.63636E+13,INDIAN,IDIB000A002, charvi.iyer@email.com              ,9765814996,INDIAN,SAVING,1
246, Dhruv Menon      ," 101 Lotus Road, Kochi, India          ",ACC0000246,1988-01-23,MALE,YZABC1234CCCCC,3.73737E+13,INDIAN,IDIB000A002, dhruv.menon@email.com              ,9503014208,INDIAN,SAVING,1
247, Eesha Kapoor     ," 202 Iris Drive, Mysore, India         ",ACC0000247,1976-04-07,FEMALE,DEFGH5678DDDDD,3.83838E+13,INDIAN,IDIB000A002, eesha.kapoor@email.com             ,9637679488,INDIAN,SAVING,1
248, Farhan Nair      ," 303 Rose Lane, Coimbatore, India      ",ACC0000248,1994-06-28,MALE,IJKLMN9012EEEEE,3.93939E+13,INDIAN,IDIB000A002, farhan.nair@email.com              ,9325238528,INDIAN,SAVING,1
249, Gia Patel        ," 404 Snapdragon Avenue, Trivandrum, India ",ACC0000249,1981-09-10,MALE,OPQRS2345FFFFF,4.0404E+13,INDIAN,IDIB000A002, gia.patel@email.com            ,9561568787,INDIAN,SAVING,1
250, Hrithik Sundaram ," 505 Violet Drive, Madurai, India       ",ACC0000250,1996-08-11,MALE,TUVWX5678GGGGG,4.14141E+13,INDIAN,IDIB000A002, hrithik.sundaram@email.com        ,9503114008,INDIAN,SAVING,1
251, Ishita Iyer      ," 606 Pine Road, Vijayawada, India      ",ACC0000251,1988-12-24,FEMALE,YZABC1234HHHHH,4.24242E+13,AXIS,UTIB0000082, ishita.iyer@email.com              ,9503014242,INDIAN,SAVING,1
252, Jihan Rajan      ," 707 Marigold Lane, Pondicherry, India ",ACC0000252,1979-02-02,MALE,DEFGH5678IIIII,4.34343E+13,AXIS,UTIB0000082, jihan.rajan@email.com              ,9503014241,INDIAN,SAVING,1
253, Kia Sharma       ," 808 Snapdragon Avenue, Kochi, India   ",ACC0000253,1982-05-19,MALE,IJKLMN9012JJJJJ,4.44444E+13,AXIS,UTIB0000082, kia.sharma@email.com               ,9503014221,INDIAN,SAVING,1
254, Laksh Patel      ," 909 Carnation Street, Bangalore, India ",ACC0000254,1975-09-26,MALE,OPQRS2345KKKKK,4.54545E+13,AXIS,UTIB0000082, laksh.patel@email.com             ,9503014757,INDIAN,SAVING,1
255, Mehr Nandakumar  ," 101 Lotus Road, Hyderabad, India      ",ACC0000255,1990-11-08,MALE,TUVWX5678LLLLL,4.64646E+13,AXIS,UTIB0000082, mehr.nandakumar@email.com          ,9011119464,INDIAN,SAVING,1
256, Nia Iyer         ," 202 Magnolia Court, Kochi, India      ",ACC0000256,1983-03-14,FEMALE,YZABC1234MMMMM,4.74747E+13,AXIS,UTIB0000082, nia.iyer@email.com                 ,9730332422,INDIAN,SAVING,1
257, Oviya Raghavan   ," 303 Pine Road, Mysore, India          ",ACC0000257,1977-06-03,FEMALE,DEFGH5678NNNNN,4.84848E+13,AXIS,UTIB0000082, oviya.raghavan@email.com           ,9689890028,INDIAN,SAVING,1
258, Pranav Patel     ," 404 Snapdragon Avenue, Coimbatore, India ",ACC0000258,1994-08-18,MALE,IJKLMN9012OOOOO,4.94949E+13,AXIS,UTIB0000082, pranav.patel@email.com         ,9422068679,INDIAN,SAVING,1
259, Qara Iyengar     ," 505 Dahlia Circle, Trivandrum, India   ",ACC0000259,1986-01-31,MALE,OPQRS2345PPPPP,5.05051E+13,AXIS,UTIB0000082, qara.iyengar@email.com             ,9011432200,INDIAN,SAVING,1
260, Ria Reddy        ," 606 Orchid Lane, Madurai, India        ",ACC0000260,1978-04-20,FEMALE,TUVWX5678QQQQQ,5.15152E+13,AXIS,UTIB0000082, ria.reddy@email.com                ,9921024099,INDIAN,SAVING,1
261, Sameer Nambiar   ," 707 Violet Drive, Vijayawada, India    ",ACC0000261,1991-06-26,MALE,YZABC1234RRRRR,5.25253E+13,AXIS,UTIB0000082, sameer.nambiar@email.com           ,9766493757,INDIAN,CURRENT,1
262, Tanya Sharma     ," 808 Pine Road, Pondicherry, India      ",ACC0000262,1984-10-03,FEMALE,DEFGH5678SSSSS,5.35354E+13,AXIS,UTIB0000082, tanya.sharma@email.com             ,9623450507,INDIAN,CURRENT,1
263, Uvi Sundaram     ," 909 Snapdragon Avenue, Kochi, India   ",ACC0000263,1973-12-15,FEMALE,IJKLMN9012TTTTT,5.45455E+13,ICICI,ICIC0006020, uvi.sundaram@email.com             ,8698156215,INDIAN,CURRENT,1
264, Vihan Iyer       ," 101 Snapdragon Avenue, Bangalore, India ",ACC0000264,1992-02-22,MALE,OPQRS2345UUUUU,5.55556E+13,ICICI,ICIC0006020, vihan.iyer@email.com             ,8055201007,INDIAN,CURRENT,1
265, Wendy Patel      ," 202 Dahlia Circle, Hyderabad, India    ",ACC0000265,1985-06-05,MALE,TUVWX5678VVVVV,5.65657E+13,ICICI,ICIC0006020, wendy.patel@email.com              ,9765646860,INDIAN,CURRENT,1
266, Xian Kumar       ," 303 Pine Road, Mysore, India           ",ACC0000266,1976-09-17,MALE,YZABC1234WWWWW,5.75758E+13,ICICI,ICIC0006020, xian.kumar@email.com               ,9503014206,INDIAN,CURRENT,1
267, Yara Reddy       ," 404 Dahlia Circle, Coimbatore, India   ",ACC0000267,1999-12-11,FEMALE,DEFGH5678XXXXX,5.85859E+13,ICICI,ICIC0006020, yara.reddy@email.com               ,7350631328,INDIAN,CURRENT,1
268, Zayd Sundaram    ," 505 Rose Lane, Trivandrum, India       ",ACC0000268,1989-03-28,MALE,IJKLMN9012YYYYY,5.9596E+13,ICICI,ICIC0006020, zayd.sundaram@email.com            ,9881731663,INDIAN,CURRENT,1
269, Aarav Nair       ," 606 Marigold Lane, Madurai, India      ",ACC0000269,1974-05-13,MALE,OPQRS2345ZZZZZ,6.06061E+13,ICICI,ICIC0006020, aarav.nair@email.com               ,9423325161,INDIAN,CURRENT,1
270, Bhumi Rajan      ," 707 Iris Drive, Vijayawada, India      ",ACC0000270,1997-07-29,MALE,IJKLMN9012Z,6.16162E+13,ICICI,ICIC0006020, bhumi.rajan@email.com              ,9326026320,INDIAN,CURRENT,1
271, Chirag Patel     ," 808 Dahlia Circle, Pondicherry, India  ",ACC0000271,1981-10-08,MALE,OPQRS2345K,6.26263E+13,ICICI,ICIC0006020, chirag.patel@email.com             ,9503014224,INDIAN,CURRENT,1
272, Disha Menon      ," 909 Iris Drive, Kochi, India           ",ACC0000272,1970-01-27,FEMALE,ABCDE6789Z,6.36364E+13,ICICI,ICIC0006020, disha.menon@email.com              ,9503014226,INDIAN,CURRENT,1
273,Arjun Kumar,"123 Ganesha Street, Chennai, Tamil Nadu 600001, India",ACC0000273,1995-04-09,MALE,FGHIJ2345L,6.46465E+13,ICICI,ICIC0006020,arjun.kumar@email.com,9503114010,INDIAN,CURRENT,1
274,Deepa Patel,"456 Coconut Lane, Kochi, Kerala 682001, India",ACC0000274,1987-07-21,FEMALE,LMNOP5678Q,6.56566E+13,ICICI,ICIC0006020,deepa.patel@email.com,9763597112,INDIAN,CURRENT,1
275,Rajesh Sharma,"789 Mysuru Road, Bengaluru, Karnataka 560001, India",ACC0000275,1979-11-01,MALE,RSTUV9012M,6.66667E+13,HDFC,HDFC0000206,rajesh.sharma@email.com,9970521265,INDIAN,CURRENT,1
276,Ananya Singh,"101 Jasmine Lane, Coimbatore, Tamil Nadu 641001, India",ACC0000276,1996-01-20,FEMALE,YZABC3456F,6.76768E+13,HDFC,HDFC0000206,ananya.singh@email.com,9657671073,INDIAN,CURRENT,1
277,Karthik Reddy,"202 Mangalore Street, Mangaluru, Karnataka 575001, India",ACC0000277,1988-04-13,MALE,DEFGH7890D,6.86869E+13,HDFC,HDFC0000206,karthik.reddy@email.com,9922975647,INDIAN,CURRENT,1
278,Meera Menon,"303 Madurai Road, Madurai, Tamil Nadu 625001, India",ACC0000278,1977-07-04,FEMALE,IJKLMN1234R,6.9697E+13,HDFC,HDFC0000206,meera.menon@email.com,9623127108,INDIAN,CURRENT,1
279,Sanjay Verma,"404 Tamarind Lane, Thiruvananthapuram, Kerala 695001, India",ACC0000279,1990-09-15,MALE,OPQRS5678T,7.07071E+13,HDFC,HDFC0000206,sanjay.verma@email.com,959161486,INDIAN,CURRENT,1
280,Priya Gupta,"505 Pondicherry Street, Pondicherry, Puducherry 605001, India",ACC0000280,1983-12-04,FEMALE,TUVWX9012X,7.17172E+13,HDFC,HDFC0000206,priya.gupta@email.com,9503114009,INDIAN,CURRENT,1
281,Aradhya Rao,"606 Tirupati Lane, Tirupati, Andhra Pradesh 517501, India",ACC0000281,1975-02-28,FEMALE,YZABC2345E,7.27273E+13,HDFC,HDFC0000206,aradhya.rao@email.com,9011327877,INDIAN,CURRENT,1
282,Rahul Desai,"707 Kozhikode Road, Kozhikode, Kerala 673001, India",ACC0000282,1990-05-22,MALE,FGHIJ5678B,7.37374E+13,HDFC,HDFC0000206,rahul.desai@email.com,9503352101,INDIAN,CURRENT,1
283,Anika Patel,"808 Salem Street, Salem, Tamil Nadu 636001, India",ACC0000283,1982-08-18,FEMALE,RSTUV1234Y,7.47475E+13,HDFC,HDFC0000206,anika.patel@email.com,9921664125,INDIAN,CURRENT,1
284,Sameer Agarwal,"909 Bellary Road, Bellary, Karnataka 583101, India",ACC0000284,1976-11-07,MALE,YZABC6789U,7.57576E+13,HDFC,HDFC0000206,sameer.agarwal@email.com,9545240361,INDIAN,CURRENT,1
285,Nisha Singh,"1110 Kanchipuram Lane, Kanchipuram, Tamil Nadu 631501, India",ACC0000285,1991-01-03,FEMALE,IJKLMN3456A,7.67677E+13,HDFC,HDFC0000206,nisha.singh@email.com,9970558146,INDIAN,CURRENT,1
286,Aryan Kumar,"1211 Palakkad Road, Palakkad, Kerala 678001, India",ACC0000286,1984-04-12,MALE,OPQRS7890K,7.77778E+13,HDFC,HDFC0000206,aryan.kumar@email.com,9579378326,INDIAN,CURRENT,1
287,Shreya Gupta,"1312 Vellore Street, Vellore, Tamil Nadu 632001, India",ACC0000287,1974-08-25,FEMALE,TUVWX1234C,7.87879E+13,SBI,SBIN0000813,shreya.gupta@email.com,9503014223,INDIAN,CURRENT,1
288,Rohan Verma,"1413 Kannur Road, Kannur, Kerala 670001, India",ACC0000288,1992-11-17,MALE,YZABC4567W,7.9798E+13,SBI,SBIN0000813,rohan.verma@email.com,9096876812,INDIAN,CURRENT,1
289,Riya Patel,"1514 Erode Lane, Erode, Tamil Nadu 638001, India",ACC0000289,1985-01-06,FEMALE,FGHIJ5678P,8.08081E+13,SBI,SBIN0000813,riya.patel@email.com,9850508104,INDIAN,CURRENT,1
290,Vikas Sharma,"1615 Belagavi Street, Belagavi, Karnataka 590001, India",ACC0000290,1978-03-27,MALE,RSTUV2345S,8.18182E+13,SBI,SBIN0000813,vikas.sharma@email.com,9096189197,INDIAN,CURRENT,1
291,Anjali Reddy,"1716 Nagercoil Road, Nagercoil, Tamil Nadu 629001, India",ACC0000291,1997-06-08,FEMALE,YZABC7890H,8.28283E+13,SBI,SBIN0000813,anjali.reddy@email.com,9890512014,INDIAN,CURRENT,1
292,Aditya Menon,"1817 Malappuram Street, Malappuram, Kerala 676505, India",ACC0000292,1970-09-23,MALE,DEFGH1234I,8.38384E+13,SBI,SBIN0000813,aditya.menon@email.com,9604714724,INDIAN,CURRENT,1
293,Kavya Desai,"1918 Chittoor Lane, Chittoor, Andhra Pradesh 517001, India",ACC0000293,1983-01-30,FEMALE,IJKLMN5678J,8.48485E+13,SBI,SBIN0000813,kavya.desai@email.com,9890920209,INDIAN,CURRENT,1
294,Rishi Singh,"2019 Kollam Road, Kollam, Kerala 691001, India",ACC0000294,1999-04-14,MALE,OPQRS9012Z,8.58586E+13,SBI,SBIN0000813,rishi.singh@email.com,9579610706,INDIAN,CURRENT,1
295,Aanya Rao,"2120 Hubli Street, Hubli-Dharwad, Karnataka 580001, India",ACC0000295,1974-06-17,FEMALE,TUVWX3456D,8.68687E+13,SBI,SBIN0000813,aanya.rao@email.com,9960425852,INDIAN,SAVING,1
296,Vivaan Gupta,"2221 Kanniyakumari Lane, Kanniyakumari, Tamil Nadu 629702, India",ACC0000296,1986-10-20,MALE,YZABC6789M,8.78788E+13,SBI,SBIN0000813,vivaan.gupta@email.com,9403691858,INDIAN,SAVING,1
297,Tanvi Verma,"2322 Kasaragod Road, Kasaragod, Kerala 671121, India",ACC0000297,1991-02-16,MALE,DEFGH2345N,8.88889E+13,SBI,SBIN0000813,tanvi.verma@email.com,9850831911,INDIAN,SAVING,1
298,Arjun Sharma,"2423 Nellore Street, Nellore, Andhra Pradesh 524001, India",ACC0000298,1977-05-31,MALE,IJKLMN7890O,8.9899E+13,INDIAN,IDIB000C022,arjun.sharma@email.com,9922156090,INDIAN,SAVING,1
299,Maya Patel,"2524 Udupi Lane, Udupi, Karnataka 576101, India",ACC0000299,1988-09-08,FEMALE,OPQRS1234F,8.9899E+13,INDIAN,IDIB000C022,maya.patel@email.com,8087530450,INDIAN,SAVING,1
300,Aditya Reddy,"2625 Thanjavur Road, Thanjavur, Tamil Nadu 613001, India",ACC0000300,1985-08-29,MALE,YZABC9012L,9E+13,INDIAN,IDIB000C022,aditya.reddy@email.com,9822808283,INDIAN,SAVING,1
301,Anvi Agarwal,"2726 Malleshwaram Lane, Bengaluru, Karnataka 560003, India",ACC0000301,1976-12-07,FEMALE,DEFGH2345E,9.10101E+12,INDIAN,IDIB000C022,anvi.agarwal@email.com,9766750436,INDIAN,SAVING,1
302,Virat Singh,"2827 Kottayam Street, Kottayam, Kerala 686001, India",ACC0000302,1990-02-19,MALE,IJKLMN6789Z,9.20202E+12,INDIAN,IDIB000A002,virat.singh@email.com,9657862776,INDIAN,SAVING,1
303,Jiya Kumar,"2928 Kakinada Road, Kakinada, Andhra Pradesh 533001, India",ACC0000303,1982-06-15,MALE,OPQRS1234K,9.30303E+12,INDIAN,IDIB000A002,jiya.kumar@email.com,9822331048,INDIAN,SAVING,0
304,Aarav Patel,"3029 Tuticorin Lane, Tuticorin, Tamil Nadu 628001, India",ACC0000304,1979-09-03,MALE,YZABC9012V,9.40404E+12,INDIAN,IDIB000A002,aarav.patel@email.com,9423329296,INDIAN,SAVING,1
305,Aisha Desai,"3130 Hosur Street, Hosur, Tamil Nadu 635109, India",ACC0000305,1996-04-25,FEMALE,DEFGH2345C,9.50505E+12,INDIAN,IDIB000A002,aisha.desai@email.com,9900449877,INDIAN,SAVING,1
306,Advaita Menon,"3231 Mangalagiri Road, Mangalagiri, Andhra Pradesh 522503, India",ACC0000306,1987-09-14,FEMALE,IJKLMN6789X,9.60606E+12,INDIAN,IDIB000A002,advaita.menon@email.com,7385890166,INDIAN,SAVING,1
307,Karan Verma,"3332 Palani Lane, Palani, Tamil Nadu 624601, India",ACC0000307,1973-11-23,MALE,OPQRS1234Y,9.70707E+12,INDIAN,IDIB000A002,karan.verma@email.com,7387824869,INDIAN,SAVING,1
308,Ananya Gupta,"3433 Gulbarga Street, Gulbarga, Karnataka 585101, India",ACC0000308,1998-01-12,FEMALE,TUVWX5678A,9.80808E+12,INDIAN,IDIB000A002,ananya.gupta@email.com,9921837591,INDIAN,SAVING,1
309,Arnav Reddy,"3534 Thrissur Road, Thrissur, Kerala 680001, India",ACC0000309,1980-05-30,MALE,YZABC9012B,9.90909E+12,INDIAN,IDIB000A002,arnav.reddy@email.com,9421023943,INDIAN,SAVING,1
310,Anvi Singh,"3635 Tirunelveli Lane, Tirunelveli, Tamil Nadu 627001, India",ACC0000310,1971-08-13,MALE,DEFGH2345F,1.0101E+13,AXIS,UTIB0000082,anvi.singh@email.com,9604068514,INDIAN,SAVING,1
311,Atharv Rao,"3736 Kolar Street, Kolar, Karnataka 563101, India",ACC0000311,1993-12-01,MALE,IJKLMN6789I,1.0202E+13,AXIS,UTIB0000082,atharv.rao@email.com,9423251611,INDIAN,CURRENT,1
312,Sanya Sharma,"3837 Kozhikode Road, Kozhikode, Kerala 673001, India",ACC0000312,1984-02-20,FEMALE,OPQRS1234J,1.0303E+13,AXIS,UTIB0000082,sanya.sharma@email.com,9960431256,INDIAN,CURRENT,1
313,Aryan Patel,"3938 Kannur Street, Kannur, Kerala 670001, India",ACC0000313,1975-07-02,MALE,TUVWX5678K,1.0404E+13,AXIS,UTIB0000082,aryan.patel@email.com,8805061816,INDIAN,CURRENT,1
314,Aadhya Desai,"4039 Kodagu Road, Kodagu, Karnataka 571201, India",ACC0000314,1992-10-18,FEMALE,DEFGH2345M,1.05051E+13,AXIS,UTIB0000082,aadhya.desai@email.com,9767839302,INDIAN,CURRENT,1
315,Krish Menon,"4140 Ramanathapuram Street, Ramanathapuram, Tamil Nadu 623501, India",ACC0000315,1986-01-29,MALE,IJKLMN6789N,1.06061E+13,AXIS,UTIB0000082,krish.menon@email.com,8698538422,INDIAN,CURRENT,1
316,Avni Verma,"4241 Bellary Lane, Bellary, Karnataka 583101, India",ACC0000316,1978-05-18,MALE,OPQRS1234O,1.07071E+13,AXIS,UTIB0000082,avni.verma@email.com,9481641470,INDIAN,CURRENT,1
317,Vihaan Singh,"4342 Nagercoil Street, Nagercoil, Tamil Nadu 629001, India",ACC0000317,1997-09-09,MALE,ABCDE2345P,1.08081E+13,AXIS,UTIB0000082,vihaan.singh@email.com,9637795509,INDIAN,CURRENT,1
318,Kaira Gupta,"4443 Malappuram Road, Malappuram, Kerala 676505, India",ACC0000318,1970-12-03,FEMALE,FGHIJ6789Q,1.09091E+13,AXIS,UTIB0000082,kaira.gupta@email.com,9960475287,INDIAN,CURRENT,1
319,Dhruv Reddy,"4544 Udupi Lane, Udupi, Karnataka 576101, India",ACC0000319,1983-03-21,MALE,LMNOP9012R,1.10101E+13,AXIS,UTIB0000082,dhruv.reddy@email.com,9823133919,INDIAN,CURRENT,1
320,Aarohi Rao,"4645 Alappuzha Road, Alappuzha, Kerala 688001, India",ACC0000320,1999-06-11,MALE,RSTUV5678S,1.11111E+13,AXIS,UTIB0000082,aarohi.rao@email.com,9503014533,INDIAN,CURRENT,1
321,Arush Sharma,"4746 Nizamabad Street, Nizamabad, Telangana 503001, India",ACC0000321,1974-10-27,MALE,YZABC1234T,1.21212E+13,ICICI,ICIC0001045,arush.sharma@email.com,9881999841,INDIAN,CURRENT,1
322,Kia Patel,"4847 Karimnagar Lane, Karimnagar, Telangana 505001, India",ACC0000322,1986-03-17,MALE,DEFGH5678U,1.31313E+13,ICICI,ICIC0001045,kia.patel@email.com,9623474306,INDIAN,CURRENT,1
323,Advika Desai,"4948 Anantapur Road, Anantapur, Andhra Pradesh 515001, India",ACC0000323,1972-06-30,FEMALE,IJKLMN9012V,1.41414E+13,ICICI,ICIC0001045,advika.desai@email.com,9922975531,INDIAN,CURRENT,1
324,Vihaan Menon,"5049 Kakinada Street, Kakinada, Andhra Pradesh 533001, India",ACC0000324,1980-09-22,MALE,OPQRS3456W,1.51515E+13,ICICI,ICIC0001045,vihaan.menon@email.com,9665105593,INDIAN,CURRENT,1
325,Anvi Verma,"5150 Salem Road, Salem, Tamil Nadu 636001, India",ACC0000325,1991-01-04,MALE,TUVWX7890X,1.61616E+13,ICICI,ICIC0001045,anvi.verma@email.com,9272320225,INDIAN,CURRENT,1
326,Aarav Singh,"5251 Palakkad Lane, Palakkad, Kerala 678001, India",ACC0000326,1977-04-18,MALE,YZABC2345Y,1.71717E+13,ICICI,ICIC0001045,aarav.singh@email.com,9371686945,INDIAN,CURRENT,1
327,Kia Gupta,"5352 Mysuru Road, Mysuru, Karnataka 570001, India",ACC0000327,1994-08-06,FEMALE,FGHIJ5678Z,1.81818E+13,ICICI,ICIC0001045,kia.gupta@email.com,9225832672,INDIAN,CURRENT,1
328,Aisha Patel,"5453 Kannur Lane, Kannur, Kerala 670001, India",ACC0000328,1982-11-26,MALE,LMNOP9012A,1.91919E+13,ICICI,ICIC0001045,aisha.patel@email.com,9975438515,INDIAN,CURRENT,1
329,Advait Reddy,"5554 Kottayam Street, Kottayam, Kerala 686001, India",ACC0000329,1976-03-04,MALE,RSTUV3456B,2.0202E+13,ICICI,ICIC0001045,advait.reddy@email.com,9595177458,INDIAN,CURRENT,1
330,Ananya Rao,"5655 Vellore Road, Vellore, Tamil Nadu 632001, India",ACC0000330,1988-06-09,FEMALE,YZABC7890C,2.12121E+13,ICICI,ICIC0001045,ananya.rao@email.com,9860914730,INDIAN,CURRENT,1
331,Vivaan Sharma,"5756 Kurnool Lane, Kurnool, Andhra Pradesh 518001, India",ACC0000331,1979-10-13,MALE,DEFGH1234D,2.22222E+13,ICICI,ICIC0001045,vivaan.sharma@email.com,8421063209,INDIAN,CURRENT,1
332,Siya Singh,"5857 Chittoor Road, Chittoor, Andhra Pradesh 517001, India",ACC0000332,1996-02-23,FEMALE,IJKLMN5678E,2.32323E+13,ICICI,ICIC0001045,siya.singh@email.com,9765136907,INDIAN,CURRENT,1
333,Arjun Desai,"5958 Karur Street, Karur, Tamil Nadu 639001, India",ACC0000333,1975-06-17,MALE,OPQRS9012F,2.42424E+13,HDFC,HDFC0009077,arjun.desai@email.com,8552912323,INDIAN,CURRENT,1
334,Kaira Menon,"6059 Kolar Road, Kolar, Karnataka 563101, India",ACC0000334,1989-11-27,MALE,TUVWX2345G,2.52525E+13,HDFC,HDFC0009077,kaira.menon@email.com,9637775961,INDIAN,CURRENT,1
335,Dhruv Verma,"6160 Nellore Lane, Nellore, Andhra Pradesh 524001, India",ACC0000335,1973-04-15,MALE,YZABC6789H,2.62626E+13,HDFC,HDFC0009077,dhruv.verma@email.com,9767834618,INDIAN,CURRENT,1
336,Aaradhya Patel,"6261 Kanniyakumari Street, Kanniyakumari, Tamil Nadu 629702, India",ACC0000336,1992-07-07,FEMALE,DEFGH9012I,2.72727E+13,HDFC,HDFC0009077,aaradhya.patel@email.com,9960347864,INDIAN,CURRENT,1
337,Advika Singh,"6362 Malappuram Road, Malappuram, Kerala 676505, India",ACC0000337,1985-09-29,FEMALE,IJKLMN3456J,2.82828E+13,HDFC,HDFC0009077,advika.singh@email.com,9960275563,INDIAN,CURRENT,1
338,Aryan Rao,"6463 Mysuru Lane, Mysuru, Karnataka 570001, India",ACC0000338,1978-12-09,MALE,TUVWX1234L,2.92929E+13,HDFC,HDFC0009077,aryan.rao@email.com,9421062685,INDIAN,CURRENT,1
339,Anvi Sharma,"6564 Kottayam Street, Kottayam, Kerala 686001, India",ACC0000339,1997-03-29,FEMALE,YZABC5678M,3.0303E+13,HDFC,HDFC0009077,anvi.sharma@email.com,9881876342,INDIAN,CURRENT,1
340,Kia Patel,"6665 Mangalore Lane, Mangaluru, Karnataka 575001, India",ACC0000340,1970-05-20,MALE,OPQRS1234Q,3.13131E+13,HDFC,HDFC0009077,kia.patel@email.com,9890170829,INDIAN,CURRENT,1
341,Aisha Reddy,"6766 Tirunelveli Street, Tirunelveli, Tamil Nadu 627001, India",ACC0000341,1983-08-25,FEMALE,YZABC9012S,3.23232E+13,HDFC,HDFC0009077,aisha.reddy@email.com,9423584026,INDIAN,SAVING,1
342,Vihaan Rao,"6867 Kakinada Road, Kakinada, Andhra Pradesh 533001, India",ACC0000342,1999-01-01,MALE,DEFGH2345T,3.33333E+13,HDFC,HDFC0009077,vihaan.rao@email.com,7798893074,INDIAN,SAVING,1
343,Avni Gupta,"6968 Gulbarga Street, Gulbarga, Karnataka 585101, India",ACC0000343,1974-04-02,FEMALE,IJKLMN6789U,3.43434E+13,HDFC,HDFC0009077,avni.gupta@email.com,9960075186,INDIAN,SAVING,1
344,Krish Singh,"7069 Kanchipuram Lane, Kanchipuram, Tamil Nadu 631501, India",ACC0000344,1986-07-24,MALE,OPQRS1234V,3.53535E+13,SBI,SBIN0000300,krish.singh@email.com,9326573580,INDIAN,SAVING,1
345,Ananya Verma,"7170 Palani Road, Palani, Tamil Nadu 624601, India",ACC0000345,1991-10-08,FEMALE,YZABC9012X,3.63636E+13,SBI,SBIN0000300,ananya.verma@email.com,9890898726,INDIAN,SAVING,1
346,Aarav Desai,"7271 Bellary Lane, Bellary, Karnataka 583101, India",ACC0000346,1977-01-14,MALE,DEFGH2345Y,3.73737E+13,SBI,SBIN0000300,aarav.desai@email.com,8383907156,INDIAN,SAVING,1
347,Aarav Kumar,"7372 Malappuram Road, Malappuram, Kerala 676505, India",ACC0000347,1988-04-26,MALE,YZABC9012C,3.83838E+13,SBI,SBIN0000300,aarav.kumar@email.com,9503014529,INDIAN,SAVING,1
348,Ananya Sharma,"7473 Tirupati Street, Tirupati, Andhra Pradesh 517501, India",ACC0000348,1976-08-05,FEMALE,IJKLMN6789F,3.93939E+13,SBI,SBIN0000300,ananya.sharma@email.com,7875256873,INDIAN,SAVING,1
349,Krish Reddy,"7574 Kannur Lane, Kannur, Kerala 670001, India",ACC0000349,1994-11-15,MALE,OPQRS1234G,4.0404E+13,SBI,SBIN0000300,krish.reddy@email.com,9503014528,INDIAN,SAVING,1
350,Siya Patel,"7675 Nagercoil Street, Nagercoil, Tamil Nadu 629001, India",ACC0000350,1996-06-11,FEMALE,TUVWX5678H,4.14141E+13,SBI,SBIN0000300,siya.patel@email.com,9860812762,INDIAN,SAVING,1
351,Advait Rao,"7776 Karimnagar Road, Karimnagar, Telangana 505001, India",ACC0000351,1988-10-24,MALE,YZABC9012I,4.24242E+13,SBI,SBIN0000300,advait.rao@email.com,9881999852,INDIAN,SAVING,1
352,Kavya Menon,"7877 Kurnool Lane, Kurnool, Andhra Pradesh 518001, India",ACC0000352,1979-12-02,FEMALE,DEFGH2345J,4.34343E+13,SBI,SBIN0000300,kavya.menon@email.com,9507661238,INDIAN,SAVING,1
353,Arjun Verma,"7978 Kakinada Street, Kakinada, Andhra Pradesh 533001, India",ACC0000353,1982-04-19,MALE,IJKLMN6789K,4.44444E+13,SBI,SBIN0000300,arjun.verma@email.com,9960749440,INDIAN,SAVING,1
354,Aisha Gupta,"8079 Salem Road, Salem, Tamil Nadu 636001, India",ACC0000354,1975-08-26,FEMALE,OPQRS1234L,4.54545E+13,SBI,SBIN0000300,aisha.gupta@email.com,9370423235,INDIAN,SAVING,1
355,Vivaan Singh,"8180 Kollam Lane, Kollam, Kerala 691001, India",ACC0000355,1990-10-08,MALE,TUVWX5678M,4.64646E+13,INDIAN,IDIB000C022,vivaan.singh@email.com,9916177015,INDIAN,SAVING,1
356,Anvi Desai,"8281 Malappuram Road, Malappuram, Kerala 676505, India",ACC0000356,1983-02-14,FEMALE,YZABC9012N,4.74747E+13,INDIAN,IDIB000C023,anvi.desai@email.com,9860359707,INDIAN,SAVING,1
357,Aarohi Patel,"8382 Kannur Street, Kannur, Kerala 670001, India",ACC0000357,1977-05-03,FEMALE,DEFGH2345O,4.84848E+13,INDIAN,IDIB000C024,aarohi.patel@email.com,9972527126,INDIAN,SAVING,1
358,Arnav Agarwal,"8483 Mangalore Lane, Mangaluru, Karnataka 575001, India",ACC0000358,1994-07-19,MALE,TUVWX5678L,4.94949E+13,INDIAN,IDIB000C025,arnav.agarwal@email.com,9730980439,INDIAN,SAVING,1
359,Kiara Singh,"8584 Kakinada Street, Kakinada, Andhra Pradesh 533001, India",ACC0000359,1986-12-01,FEMALE,YZABC1234M,5.05051E+13,INDIAN,IDIB000A002,kiara.singh@email.com,8421357278,INDIAN,SAVING,1
360,Advika Rao,"8685 Kottayam Lane, Kottayam, Kerala 686001, India",ACC0000360,1978-03-21,FEMALE,DEFGH5678N,5.15152E+13,INDIAN,IDIB000A002,advika.rao@email.com,9421074582,INDIAN,SAVING,1
361,Aarav Gupta,"8786 Kolar Street, Kolar, Karnataka 563101, India",ACC0000361,1991-05-27,MALE,IJKLMN9012O,5.25253E+13,INDIAN,IDIB000A002,aarav.gupta@email.com,9527656033,INDIAN,SAVING,1
362,Aanya Verma,"8887 Vellore Road, Vellore, Tamil Nadu 632001, India",ACC0000362,1984-09-15,FEMALE,OPQRS2345P,5.35354E+13,INDIAN,IDIB000A002,aanya.verma@email.com,9657972663,INDIAN,SAVING,1
363,Aryan Sharma,"8988 Malappuram Street, Malappuram, Kerala 676505, India",ACC0000363,1973-12-15,MALE,TUVWX5678Q,5.45455E+13,INDIAN,IDIB000A002,aryan.sharma@email.com,9850550223,INDIAN,SAVING,1
364,Avni Patel,"9089 Tirunelveli Lane, Tirunelveli, Tamil Nadu 627001, India",ACC0000364,1992-01-22,FEMALE,YZABC1234R,5.55556E+13,INDIAN,IDIB000A002,avni.patel@email.com,9604332673,INDIAN,SAVING,1
365,Arjun Reddy,"9190 Anantapur Road, Anantapur, Andhra Pradesh 515001, India",ACC0000365,1985-05-05,MALE,DEFGH5678S,5.65657E+13,INDIAN,IDIB000A002,arjun.reddy@email.com,7276213306,INDIAN,SAVING,1
366,Anaya Menon,"9291 Bellary Street, Bellary, Karnataka 583101, India",ACC0000366,1976-08-17,FEMALE,IJKLMN9012T,5.75758E+13,AXIS,UTIB0000082,anaya.menon@email.com,8975140072,INDIAN,SAVING,1
367,Aaryan Desai,"9392 Nagercoil Road, Nagercoil, Tamil Nadu 629001, India",ACC0000367,1999-11-21,MALE,OPQRS2345U,5.85859E+13,AXIS,UTIB0000082,aaryan.desai@email.com,8956579925,INDIAN,SAVING,1
368,Siya Singh,"9493 Kurnool Lane, Kurnool, Andhra Pradesh 518001, India",ACC0000368,1989-03-28,FEMALE,TUVWX5678V,5.9596E+13,AXIS,UTIB0000082,siya.singh@email.com,9922419792,INDIAN,SAVING,1
369,Advaita Rao,"9594 Salem Road, Salem, Tamil Nadu 636001, India",ACC0000369,1974-05-13,MALE,YZABC1234W,6.06061E+13,AXIS,UTIB0000082,advaita.rao@email.com,9763483364,INDIAN,SAVING,1
370,Vihaan Gupta,"9695 Kannur Street, Kannur, Kerala 670001, India",ACC0000370,1997-07-29,MALE,DEFGH5678X,6.16162E+13,AXIS,UTIB0000082,vihaan.gupta@email.com,9673140471,INDIAN,SAVING,1
371,Tanvi Verma,"9796 Kakinada Road, Kakinada, Andhra Pradesh 533001, India",ACC0000371,1981-11-07,MALE,IJKLMN9012Y,6.26263E+13,AXIS,UTIB0000082,tanvi.verma@email.com,9766581752,INDIAN,SAVING,1
372,Arjun Sharma,"9897 Mangalore Street, Mangaluru, Karnataka 575001, India",ACC0000372,1970-01-27,MALE,OPQRS2345Z,6.36364E+13,AXIS,UTIB0000082,arjun.sharma@email.com,8623024464,INDIAN,SAVING,1
373,Maya Patel,"123 Kumarakom Street, Kottayam, Kerala 686001, India",ACC0000373,1995-04-09,FEMALE,TUVWX5678AA,6.46465E+13,AXIS,UTIB0000082,maya.patel@email.com,9819586312,INDIAN,SAVING,1
374,Aditya Reddy,"456 Chidambaram Lane, Chidambaram, Tamil Nadu 608001, India",ACC0000374,1987-07-21,MALE,YZABC1234BB,6.56566E+13,AXIS,UTIB0000082,aditya.reddy@email.com,9552652691,INDIAN,SAVING,1
375,Anvi Agarwal,"789 Maravanthuruthu Road, Alleppey, Kerala 688007, India",ACC0000375,1979-11-01,FEMALE,DEFGH5678CC,6.66667E+13,AXIS,UTIB0000082,anvi.agarwal@email.com,9742933315,INDIAN,SAVING,1
376,Virat Singh,"101 Palani Street, Palani, Tamil Nadu 624601, India",ACC0000376,1996-01-20,MALE,IJKLMN9012DD,6.76768E+13,ICICI,ICIC0006020,virat.singh@email.com,7773980503,INDIAN,SAVING,1
377,Jiya Kumar,"202 Malleshwaram Lane, Bengaluru, Karnataka 560003, India",ACC0000377,1988-04-13,MALE,OPQRS2345EE,6.86869E+13,ICICI,ICIC0006020,jiya.kumar@email.com,8928661451,INDIAN,SAVING,1
378,Aarav Patel,"303 Kanyakumari Road, Kanyakumari, Tamil Nadu 629702, India",ACC0000378,1977-07-04,MALE,TUVWX5678FF,6.9697E+13,ICICI,ICIC0006020,aarav.patel@email.com,9623226569,INDIAN,CURRENT,1
379,Aisha Desai,"404 Kodagu Lane, Kodagu, Karnataka 571201, India",ACC0000379,1990-09-15,FEMALE,YZABC1234GG,7.07071E+13,ICICI,ICIC0006020,aisha.desai@email.com,9175606908,INDIAN,CURRENT,1
380,Advait Menon,"505 Thrissur Road, Thrissur, Kerala 680001, India",ACC0000380,1983-12-04,FEMALE,DEFGH5678HH,7.17172E+13,ICICI,ICIC0006020,advait.menon@email.com,9272651113,INDIAN,CURRENT,1
381,Karan Verma,"606 Belur Street, Belur, Karnataka 573115, India",ACC0000381,1975-02-28,MALE,IJKLMN9012II,7.27273E+13,ICICI,ICIC0006020,karan.verma@email.com,9665336899,INDIAN,CURRENT,1
382,Ananya Gupta,"707 Nandi Hills Lane, Nandi Hills, Karnataka 562103, India",ACC0000382,1990-05-22,FEMALE,OPQRS2345JJ,7.37374E+13,ICICI,ICIC0006020,ananya.gupta@email.com,9503022469,INDIAN,CURRENT,1
383,Arnav Reddy,"808 Kottakal Street, Kottakal, Kerala 676503, India",ACC0000383,1982-08-18,MALE,TUVWX5678KK,7.47475E+13,ICICI,ICIC0006020,arnav.reddy@email.com,9637276799,INDIAN,CURRENT,1
384,Anvi Singh,"909 Karunagappally Road, Karunagappally, Kerala 690518, India",ACC0000384,1976-11-07,MALE,YZABC1234LL,7.57576E+13,ICICI,ICIC0006020,anvi.singh@email.com,8805337500,INDIAN,CURRENT,1
385,Atharv Rao,"1110 Shimoga Lane, Shimoga, Karnataka 577201, India",ACC0000385,1991-01-03,MALE,DEFGH5678MM,7.67677E+13,ICICI,ICIC0006020,atharv.rao@email.com,9902141708,INDIAN,CURRENT,1
386,Sanya Sharma,"1211 Kumbakonam Street, Kumbakonam, Tamil Nadu 612001, India",ACC0000386,1984-04-12,FEMALE,IJKLMN9012NN,7.77778E+13,ICICI,ICIC0006020,sanya.sharma@email.com,9881760151,INDIAN,CURRENT,1
387,Aryan Patel,"1312 Malpe Road, Malpe, Karnataka 576108, India",ACC0000387,1974-08-25,MALE,OPQRS2345OO,7.87879E+13,HDFC,HDFC0000206,aryan.patel@email.com,8605764649,INDIAN,CURRENT,1
388,Aadhya Desai,"1413 Wayanad Lane, Wayanad, Kerala 673121, India",ACC0000388,1992-11-17,MALE,TUVWX5678PP,7.9798E+13,HDFC,HDFC0000206,aadhya.desai@email.com,9860197081,INDIAN,CURRENT,1
389,Krish Menon,"1514 Nagarhole Street, Nagarhole, Karnataka 571202, India",ACC0000389,1985-01-06,MALE,YZABC1234QQ,8.08081E+13,HDFC,HDFC0000206,krish.menon@email.com,9096873067,INDIAN,CURRENT,1
390,Avni Verma,"1615 Attapadi Lane, Attapadi, Kerala 678582, India",ACC0000390,1978-03-27,MALE,DEFGH5678RR,8.18182E+13,HDFC,HDFC0000206,avni.verma@email.com,9890327346,INDIAN,CURRENT,1
391,Vihaan Singh,"1716 Hosanagara Road, Hosanagara, Karnataka 577418, India",ACC0000391,1997-06-08,MALE,IJKLMN9012SS,8.28283E+13,HDFC,HDFC0000206,vihaan.singh@email.com,9371853095,INDIAN,CURRENT,1
392,Kaira Gupta,"1817 Mannargudi Street, Mannargudi, Tamil Nadu 614001, India",ACC0000392,1970-09-23,FEMALE,OPQRS2345TT,8.38384E+13,HDFC,HDFC0000206,kaira.gupta@email.com,7588609179,INDIAN,CURRENT,1
393,Dhruv Reddy,"1918 Gokarna Road, Gokarna, Karnataka 581326, India",ACC0000393,1983-01-30,MALE,TUVWX5678UU,8.48485E+13,HDFC,HDFC0000206,dhruv.reddy@email.com,9423583986,INDIAN,CURRENT,1
394,Aarohi Rao,"2019 Guruvayur Street, Guruvayur, Kerala 680101, India",ACC0000394,1999-04-14,FEMALE,YZABC1234VV,8.58586E+13,HDFC,HDFC0000206,aarohi.rao@email.com,9373077662,INDIAN,CURRENT,1
395,Arush Sharma,"2120 Chamarajanagar Lane, Chamarajanagar, Karnataka 571313, India",ACC0000395,1974-06-17,MALE,DEFGH5678WW,8.68687E+13,HDFC,HDFC0000206,arush.sharma@email.com,9689283678,INDIAN,CURRENT,1
396,Kia Patel,"2221 Munnar Street, Munnar, Kerala 685612, India",ACC0000396,1986-10-20,MALE,IJKLMN9012XX,8.78788E+13,HDFC,HDFC0000206,kia.patel@email.com,9209731331,INDIAN,CURRENT,1
397,Advika Desai,"2322 Nagapattinam Road, Nagapattinam, Tamil Nadu 611001, India",ACC0000397,1991-02-16,FEMALE,OPQRS2345YY,8.88889E+13,SBI,SBIN0000800,advika.desai@email.com,9964661110,INDIAN,CURRENT,1
398,Vihaan Menon,"2423 Sirsi Street, Sirsi, Karnataka 581401, India",ACC0000398,1977-05-31,MALE,TUVWX5678ZZ,8.9899E+13,SBI,SBIN0000800,vihaan.menon@email.com,8421532714,INDIAN,CURRENT,1
399,Anvi Verma,"2524 Kalpetta Lane, Kalpetta, Kerala 673121, India",ACC0000399,1988-09-08,MALE,YZABC1234AAA,8.9899E+13,SBI,SBIN0000800,anvi.verma@email.com,9922919392,INDIAN,CURRENT,1
400,Aarav Singh,"2625 Hogenakkal Street, Hogenakkal, Tamil Nadu 636810, India",ACC0000400,1980-07-13,MALE,DEFGH5678BBB,9E+13,SBI,SBIN0000800,aarav.singh@email.com,8605851979,INDIAN,CURRENT,1
401,Kia Gupta,"2726 Bandipur Road, Bandipur, Karnataka 571126, India",ACC0000401,1976-11-26,MALE,IJKLMN9012CCC,9.10101E+12,SBI,SBIN0000800,kia.gupta@email.com,9604209524,INDIAN,CURRENT,1
402,Aisha Patel,"2827 Thoothukudi Lane, Thoothukudi, Tamil Nadu 628001, India",ACC0000402,1992-01-04,FEMALE,OPQRS2345DDD,9.20202E+12,SBI,SBIN0000800,aisha.patel@email.com,9890352417,INDIAN,CURRENT,1
403,Advait Reddy,"2928 Anamalai Street, Anamalai, Tamil Nadu 642104, India",ACC0000403,1985-05-18,MALE,TUVWX5678EEE,9.30303E+12,SBI,SBIN0000800,advait.reddy@email.com,9421030503,INDIAN,CURRENT,1
404,Ananya Rao,"3029 Channarayapatna Lane, Channarayapatna, Karnataka 573116, India",ACC0000404,1979-08-31,FEMALE,YZABC1234FFF,9.40404E+12,SBI,SBIN0000800,ananya.rao@email.com,9890614961,INDIAN,CURRENT,1
405,Vivaan Sharma,"3130 Attur Street, Attur, Tamil Nadu 636102, India",ACC0000405,1998-03-21,MALE,DEFGH5678GGG,9.50505E+12,SBI,SBIN0000800,vivaan.sharma@email.com,9527859334,INDIAN,CURRENT,1
406,Siya Singh,"3231 Kollur Lane, Kollur, Karnataka 576220, India",ACC0000406,1973-09-10,FEMALE,IJKLMN9012HHH,9.60606E+12,SBI,SBIN0000800,siya.singh@email.com,9975746616,INDIAN,CURRENT,0
407,Arjun Desai,"3332 Kuttanad Road, Kuttanad, Kerala 688548, India",ACC0000407,1990-12-07,MALE,OPQRS2345III,9.70707E+12,INDIAN,IDIB000A110,arjun.desai@email.com,8762353366,INDIAN,CURRENT,1
408,Kaira Menon,"3433 Kaup Street, Kaup, Karnataka 574106, India",ACC0000408,1981-02-15,FEMALE,TUVWX5678JJJ,9.80808E+12,INDIAN,IDIB000A110,kaira.menon@email.com,8600797467,INDIAN,CURRENT,1
409,Dhruv Verma,"3534 Maravanthe Lane, Maravanthe, Karnataka 576118, India",ACC0000409,1975-06-29,MALE,YZABC1234KKK,9.90909E+12,INDIAN,IDIB000A110,dhruv.verma@email.com,9730963812,INDIAN,CURRENT,1
410,Aaradhya Patel,"3635 Kalady Street, Kalady, Kerala 683574, India",ACC0000410,1995-10-20,FEMALE,DEFGH5678LLL,1.0101E+12,INDIAN,IDIB000A110,aaradhya.patel@email.com,9657473470,INDIAN,CURRENT,1
411,Advika Singh,"3736 Sringeri Lane, Sringeri, Karnataka 577139, India",ACC0000411,1987-01-28,FEMALE,IJKLMN9012MMM,1.0202E+12,INDIAN,IDIB000A002,advika.singh@email.com,9823245167,INDIAN,CURRENT,1
412,Aryan Kapoor,"3837 Muthanga Road, Muthanga, Kerala 673121, India",ACC0000412,1971-04-04,MALE,OPQRS2345NNN,1.0303E+12,INDIAN,IDIB000A002,aryan.kapoor@email.com,9850542848,INDIAN,CURRENT,1
413,Anaya Shah,"3938 Malur Street, Malur, Karnataka 563160, India",ACC0000413,1993-08-26,FEMALE,TUVWX5678OOO,1.0404E+12,INDIAN,IDIB000A002,anaya.shah@email.com,9637207952,INDIAN,CURRENT,1
414,Krish Nair,"4039 Ooty Lane, Ooty, Tamil Nadu 643001, India",ACC0000414,1984-12-03,MALE,YZABC1234PPP,1.05051E+12,INDIAN,IDIB000A002,krish.nair@email.com,9370602914,INDIAN,CURRENT,1
415,Siya Malhotra,"4140 Madikeri Road, Madikeri, Karnataka 571201, India",ACC0000415,1978-02-19,FEMALE,DEFGH5678QQQ,1.06061E+12,INDIAN,IDIB000A002,siya.malhotra@email.com,9881770307,INDIAN,SAVING,1
416,Advait Kapoor,"4241 Chikmagalur Street, Chikmagalur, Karnataka 577101, India",ACC0000416,1997-06-15,FEMALE,IJKLMN9012RRR,1.07071E+12,INDIAN,IDIB000A002,advait.kapoor@email.com,9860138169,INDIAN,SAVING,1
417,Kavya Iyer,"4342 Neyveli Lane, Neyveli, Tamil Nadu 607803, India",ACC0000417,1970-10-25,FEMALE,OPQRS2345SSS,1.08081E+12,AXIS,UTIB0000082,kavya.iyer@email.com,9922349192,INDIAN,SAVING,1
418,Arjun Bhatia,"4443 Kanakapura Road, Kanakapura, Karnataka 562117, India",ACC0000418,1983-04-09,MALE,TUVWX5678TTT,1.09091E+12,AXIS,UTIB0000082,arjun.bhatia@email.com,9860994509,INDIAN,SAVING,1
419,Aisha Choudhary,"4544 Sakleshpur Street, Sakleshpur, Karnataka 573134, India",ACC0000419,1999-07-01,FEMALE,YZABC1234UUU,1.10101E+12,AXIS,UTIB0000082,aisha.choudhary@email.com,8007004454,INDIAN,SAVING,1
420,Vivaan Varma,"4645 Mannargudi Lane, Mannargudi, Tamil Nadu 614001, India",ACC0000420,1974-11-11,MALE,DEFGH5678VVV,1.11111E+12,AXIS,UTIB0000082,vivaan.varma@email.com,9860032486,INDIAN,SAVING,1
421,Anvi Dubey,"4746 Periyakulam Street, Periyakulam, Tamil Nadu 625601, India",ACC0000421,1986-01-22,FEMALE,IJKLMN9012WWW,1.21212E+12,AXIS,UTIB0000082,anvi.dubey@email.com,9822469618,INDIAN,SAVING,1
422,Aarohi Khanna,"4847 Bylakuppe Road, Bylakuppe, Karnataka 571104, India",ACC0000422,1972-05-06,FEMALE,OPQRS2345XXX,1.31313E+12,AXIS,UTIB0000082,aarohi.khanna@email.com,9404650985,INDIAN,SAVING,1
423,Arnav Verma,"4948 Chidambara Nagar, Chidambara Nagar, Tamil Nadu 600002, India",ACC0000423,1980-08-17,MALE,TUVWX5678YYY,1.41414E+12,AXIS,UTIB0000082,arnav.verma@email.com,8624089392,INDIAN,SAVING,1
424,Kiara Sharma,"5049 Ponnampet Street, Ponnampet, Karnataka 571216, India",ACC0000424,1991-12-29,FEMALE,YZABC1234ZZZ,1.51515E+12,AXIS,UTIB0000082,kiara.sharma@email.com,9822717104,INDIAN,SAVING,1
425,Advika Shukla,"5150 Attapadi Lane, Attapadi, Kerala 678582, India",ACC0000425,1977-03-09,FEMALE,DEFGH5678AAAA,1.61616E+12,AXIS,UTIB0000082,advika.shukla@email.com,9960063931,INDIAN,SAVING,1
426,Aarav Iyer,"5251 Bandipur Street, Bandipur, Karnataka 571126, India",ACC0000426,1994-05-01,MALE,IJKLMN9012BBBB,1.71717E+12,ICICI,ICIC0001045,aarav.iyer@email.com,9922885919,INDIAN,SAVING,1
427,Aanya Varma,"5352 Kabini Lane, Kabini, Karnataka 571114, India",ACC0000427,1982-09-14,FEMALE,OPQRS2345CCCC,1.81818E+12,ICICI,ICIC0001045,aanya.varma@email.com,9028667260,INDIAN,SAVING,1
428,Aryan Kapoor,"5453 Puttur Street, Puttur, Karnataka 574201, India",ACC0000428,1976-12-22,MALE,TUVWX5678DDDD,1.91919E+12,ICICI,ICIC0001045,aryan.kapoor@email.com,9049739523,INDIAN,SAVING,1
429,Avni Choudhary,"5554 Sivakasi Lane, Sivakasi, Tamil Nadu 626123, India",ACC0000429,1988-04-11,MALE,YZABC1234EEEE,2.0202E+12,ICICI,ICIC0001045,avni.choudhary@email.com,9972791558,INDIAN,SAVING,1
430,Arjun Reddy,"5655 Idukki Street, Idukki, Kerala 685602, India",ACC0000430,1979-07-25,MALE,DEFGH5678FFFF,2.12121E+12,ICICI,ICIC0001045,arjun.reddy@email.com,9011444328,INDIAN,SAVING,1
431,Anaya Menon,"5756 Mannargudi Road, Mannargudi, Tamil Nadu 614001, India",ACC0000431,1996-11-16,FEMALE,IJKLMN9012GGGG,2.22222E+12,ICICI,ICIC0001045,anaya.menon@email.com,9272423947,INDIAN,SAVING,1
432,Aaryan Dubey,"5857 Coonoor Lane, Coonoor, Tamil Nadu 643102, India",ACC0000432,1975-01-05,MALE,OPQRS2345HHHH,2.32323E+12,ICICI,ICIC0001045,aaryan.dubey@email.com,9404288459,INDIAN,SAVING,1
433,Siya Singh,"5958 Kumbakonam Street, Kumbakonam, Tamil Nadu 612001, India",ACC0000433,1989-03-18,FEMALE,TUVWX5678IIII,2.42424E+12,ICICI,ICIC0001045,siya.singh@email.com,9881527361,INDIAN,SAVING,1
434,Advaita Rao,"6059 Chikkamagaluru Road, Chikkamagaluru, Karnataka 577101, India",ACC0000434,1973-06-11,FEMALE,YZABC1234JJJJ,2.52525E+12,ICICI,ICIC0001045,advaita.rao@email.com,9881770308,INDIAN,SAVING,1
435,Vihaan Gupta,"6160 Udumalpet Lane, Udumalpet, Tamil Nadu 642126, India",ACC0000435,1992-10-30,MALE,DEFGH5678KKKK,2.62626E+12,ICICI,ICIC0001045,vihaan.gupta@email.com,9766268437,INDIAN,SAVING,1
436,Tanvi Verma,"6261 Yercaud Street, Yercaud, Tamil Nadu 636601, India",ACC0000436,1985-02-24,MALE,IJKLMN9012LLLL,2.72727E+12,HDFC,HDFC0001866,tanvi.verma@email.com,9822618024,INDIAN,SAVING,1
437,Arjun Sharma,"6362 Sathyamangalam Road, Sathyamangalam, Tamil Nadu 638401, India",ACC0000437,1978-05-05,MALE,OPQRS2345MMMM,2.82828E+12,HDFC,HDFC0001866,arjun.sharma@email.com,7875209434,INDIAN,SAVING,1
438,Maya Patel,"6463 Chitradurga Street, Chitradurga, Karnataka 577501, India",ACC0000438,1997-09-03,FEMALE,TUVWX5678NNNN,2.92929E+12,HDFC,HDFC0001866,maya.patel@email.com,8698538346,INDIAN,SAVING,1
439,Aditya Reddy,"6564 Vatakara Lane, Vatakara, Kerala 673104, India",ACC0000439,1970-12-14,MALE,YZABC1234OOOO,3.0303E+12,HDFC,HDFC0001866,aditya.reddy@email.com,8149232347,INDIAN,SAVING,1
440,Anvi Agarwal,"6665 Nagapattinam Street, Nagapattinam, Tamil Nadu 611001, India",ACC0000440,1983-03-27,FEMALE,DEFGH5678PPPP,3.13131E+12,HDFC,HDFC0001866,anvi.agarwal@email.com,8277465493,INDIAN,SAVING,1
441,Virat Singh,"6766 Kudremukh Road, Kudremukh, Karnataka 577142, India",ACC0000441,1999-08-09,MALE,IJKLMN9012QQQQ,3.23232E+12,HDFC,HDFC0001866,virat.singh@email.com,8605277983,INDIAN,SAVING,1
442,Jiya Kumar,"6867 Tiruchengode Street, Tiruchengode, Tamil Nadu 637211, India",ACC0000442,1974-10-12,MALE,OPQRS2345RRRR,3.33333E+12,HDFC,HDFC0001866,jiya.kumar@email.com,9767933312,INDIAN,SAVING,1
443,Aarav Patel,"6968 Malpe Road, Malpe, Karnataka 576108, India",ACC0000443,1986-12-26,MALE,TUVWX5678SSSS,3.43434E+12,HDFC,HDFC0001866,aarav.patel@email.com,9850714186,INDIAN,SAVING,1
444,Aisha Desai,"7069 Neyveli Lane, Neyveli, Tamil Nadu 607803, India",ACC0000444,1991-04-18,FEMALE,YZABC1234TTTT,3.53535E+12,HDFC,HDFC0001866,aisha.desai@email.com,9890771352,INDIAN,CURRENT,1
445,Advait Menon,"7170 Dandeli Street, Dandeli, Karnataka 581325, India",ACC0000445,1977-08-01,FEMALE,DEFGH5678UUUU,3.63636E+12,HDFC,HDFC0001866,advait.menon@email.com,9600444510,INDIAN,CURRENT,1
446,Karan Verma,"7271 Mettupalayam Lane, Mettupalayam, Tamil Nadu 641301, India",ACC0000446,1988-01-23,MALE,IJKLMN9012VVVV,3.73737E+12,HDFC,HDFC0001866,karan.verma@email.com,9011415538,INDIAN,CURRENT,1
447,Ananya Gupta,"7372 Yelahanka Road, Yelahanka, Karnataka 560064, India",ACC0000447,1976-04-07,FEMALE,OPQRS2345WWWW,3.83838E+12,SBI,SBIN0000300,ananya.gupta@email.com,9545100033,INDIAN,CURRENT,1
448,Arnav Reddy,"7473 Karwar Street, Karwar, Karnataka 581301, India",ACC0000448,1994-06-28,MALE,TUVWX5678XXXX,3.93939E+12,SBI,SBIN0000300,arnav.reddy@email.com,9890923231,INDIAN,CURRENT,1
449,Anvi Singh,"7574 Theni Lane, Theni, Tamil Nadu 625531, India",ACC0000449,1981-09-10,MALE,YZABC1234YYYY,4.0404E+12,SBI,SBIN0000300,anvi.singh@email.com,9425265060,INDIAN,CURRENT,1
450,Atharv Rao,"7675 Devanahalli Street, Devanahalli, Karnataka 562110, India",ACC0000450,1985-08-29,MALE,DEFGH5678ZZZZ,4.14141E+12,SBI,SBIN0000300,atharv.rao@email.com,9423326928,INDIAN,CURRENT,1
451,Sanya Sharma,"7776 Gubbi Road, Gubbi, Karnataka 572216, India",ACC0000451,1976-12-07,FEMALE,IJKLMN9012AAAA,4.24242E+12,SBI,SBIN0000300,sanya.sharma@email.com,9325179380,INDIAN,CURRENT,1
452,Aryan Patel,"7877 Pollachi Lane, Pollachi, Tamil Nadu 642001, India",ACC0000452,1990-02-19,MALE,OPQRS2345BBBB,4.34343E+12,SBI,SBIN0000300,aryan.patel@email.com,9901526213,INDIAN,CURRENT,1
453,Aadhya Desai,"7978 Kundapura Street, Kundapura, Karnataka 576201, India",ACC0000453,1982-06-15,FEMALE,TUVWX5678CCCC,4.44444E+12,SBI,SBIN0000300,aadhya.desai@email.com,9743413828,INDIAN,CURRENT,1
454,Krish Menon,"8079 Nandigama Road, Nandigama, Andhra Pradesh 521185, India",ACC0000454,1979-09-03,MALE,YZABC1234DDDD,4.54545E+12,SBI,SBIN0000300,krish.menon@email.com,9766508490,INDIAN,CURRENT,1
455,Avni Verma,"8180 Srisailam Lane, Srisailam, Andhra Pradesh 518101, India",ACC0000455,1996-04-25,MALE,DEFGH5678EEEE,4.64646E+12,SBI,SBIN0000300,avni.verma@email.com,9420456789,INDIAN,CURRENT,1
456,Vihaan Singh,"8281 Chalakudy Street, Chalakudy, Kerala 680307, India",ACC0000456,1987-09-14,MALE,IJKLMN9012FFFF,4.74747E+12,SBI,SBIN0000300,vihaan.singh@email.com,9890114635,INDIAN,CURRENT,1
457,Kaira Gupta,"8382 Raichur Lane, Raichur, Karnataka 584101, India",ACC0000457,1973-11-23,FEMALE,OPQRS2345GGGG,4.84848E+12,INDIAN,IDIB000A110,kaira.gupta@email.com,8421508440,INDIAN,CURRENT,1
458,Dhruv Reddy,"8483 Thanjavur Street, Thanjavur, Tamil Nadu 613001, India",ACC0000458,1998-01-12,MALE,TUVWX5678HHHH,4.94949E+12,INDIAN,IDIB000A110,dhruv.reddy@email.com,7385150329,INDIAN,CURRENT,1
459,Aarohi Rao,"8584 Kuppam Road, Kuppam, Andhra Pradesh 517425, India",ACC0000459,1980-05-30,FEMALE,YZABC1234IIII,5.05051E+12,INDIAN,IDIB000A110,aarohi.rao@email.com,9766893886,INDIAN,CURRENT,1
460,Arush Sharma,"8685 Kolar Street, Kolar, Karnataka 563101, India",ACC0000460,1971-08-13,MALE,DEFGH5678JJJJ,5.15152E+12,INDIAN,IDIB000A110,arush.sharma@email.com,8782901430,INDIAN,CURRENT,1
461,Kia Patel,"8786 Kumbakonam Lane, Kumbakonam, Tamil Nadu 612001, India",ACC0000461,1993-12-01,MALE,IJKLMN9012KKKK,5.25253E+12,INDIAN,IDIB000A110,kia.patel@email.com,7276166310,INDIAN,CURRENT,1
462,Advika Desai,"8887 Muvattupuzha Street, Muvattupuzha, Kerala 686661, India",ACC0000462,1984-02-20,FEMALE,OPQRS2345LLLL,5.35354E+12,INDIAN,IDIB000A007,advika.desai@email.com,9272636321,INDIAN,CURRENT,1
463,Vihaan Menon,"8988 Nellore Lane, Nellore, Andhra Pradesh 524001, India",ACC0000463,1975-07-02,MALE,TUVWX5678MMMM,5.45455E+12,INDIAN,IDIB000A008,vihaan.menon@email.com,9673849554,INDIAN,CURRENT,1
464,Anvi Verma,"9089 Shravanabelagola Street, Shravanabelagola, Karnataka 573135, India",ACC0000464,1992-10-18,FEMALE,YZABC1234NNNN,5.55556E+12,INDIAN,IDIB000A009,anvi.verma@email.com,9423329356,INDIAN,CURRENT,1
465,Aarav Singh,"9190 Pattambi Road, Pattambi, Kerala 679303, India",ACC0000465,1986-01-29,MALE,DEFGH5678OOOO,5.65657E+12,INDIAN,IDIB000A010,aarav.singh@email.com,9096845308,INDIAN,CURRENT,1
466,Kia Gupta,"9291 Channarayapatna Street, Channarayapatna, Karnataka 573116, India",ACC0000466,1978-05-18,FEMALE,IJKLMN9012PPPP,5.75758E+12,INDIAN,IDIB000A011,kia.gupta@email.com,8975650594,INDIAN,CURRENT,1
467,Aisha Patel,"9392 Kovilpatti Road, Kovilpatti, Tamil Nadu 628501, India",ACC0000467,1997-09-09,FEMALE,OPQRS2345QQQQ,5.85859E+12,AXIS,UTIB0000082,aisha.patel@email.com,9096221404,INDIAN,CURRENT,1
468,Advait Reddy,"9493 Sankarankovil Street, Sankarankovil, Tamil Nadu 627756, India",ACC0000468,1970-12-03,FEMALE,TUVWX5678RRRR,5.9596E+12,AXIS,UTIB0000082,advait.reddy@email.com,7250276980,INDIAN,CURRENT,1
469,Ananya Rao,"9594 Bhatkal Lane, Bhatkal, Karnataka 581320, India",ACC0000469,1983-03-21,FEMALE,YZABC1234SSSS,6.06061E+12,AXIS,UTIB0000082,ananya.rao@email.com,9970867606,INDIAN,SAVING,1
470,Vivaan Sharma,"9695 Dindigul Street, Dindigul, Tamil Nadu 624001, India",ACC0000470,1999-06-11,MALE,DEFGH5678TTTT,6.16162E+12,AXIS,UTIB0000082,vivaan.sharma@email.com,9370806014,INDIAN,SAVING,1
471,Siya Singh,"9796 Kanhangad Lane, Kanhangad, Kerala 671315, India",ACC0000471,1974-10-27,FEMALE,IJKLMN9012UUUU,6.26263E+12,AXIS,UTIB0000082,siya.singh@email.com,8600845556,INDIAN,SAVING,1
472,Arjun Desai,"9897 Kuppam Road, Kuppam, Andhra Pradesh 517425, India",ACC0000472,1986-03-17,MALE,OPQRS2345VVVV,6.36364E+12,AXIS,UTIB0000082,arjun.desai@email.com,9209219646,INDIAN,SAVING,1
473,Kaira Menon,"123 Kanyakumari Street, Kanyakumari, Tamil Nadu 629702, India",ACC0000473,1972-06-30,FEMALE,TUVWX5678WWWW,6.46465E+12,AXIS,UTIB0000082,kaira.menon@email.com,9821061338,INDIAN,SAVING,1
474,Dhruv Verma,"456 Malpe Road, Malpe, Karnataka 576108, India",ACC0000474,1980-09-22,MALE,YZABC1234XXXX,6.56566E+12,AXIS,UTIB0000082,dhruv.verma@email.com,9049690422,INDIAN,SAVING,1
475,Aaradhya Patel,"789 Kodaikanal Street, Kodaikanal, Tamil Nadu 624101, India",ACC0000475,1991-01-04,FEMALE,DEFGH5678YYYY,6.66667E+12,AXIS,UTIB0000082,aaradhya.patel@email.com,7709285052,INDIAN,SAVING,1
476,Advika Singh,"101 Udipi Lane, Udupi, Karnataka 576101, India",ACC0000476,1977-04-18,FEMALE,IJKLMN9012ZZZZ,6.76768E+12,AXIS,UTIB0000082,advika.singh@email.com,9224745289,INDIAN,SAVING,1
477,Arjun Kapoor,"202 Virudhunagar Road, Virudhunagar, Tamil Nadu 626001, India",ACC0000477,1994-08-06,MALE,TUVWX5678AAAA,6.86869E+12,AXIS,UTIB0000082,arjun.kapoor@email.com,7875229774,INDIAN,SAVING,1
478,Aarav Kapoor,"6867 Chidambara Nagar, Chidambara Nagar, Tamil Nadu 600002, India",ACC0000478,1982-11-26,MALE,YZABC1234BBBB,6.9697E+12,ICICI,ICIC0006020,aarav.kapoor@email.com,9579129386,INDIAN,SAVING,1
479,Anika Shah,"6968 Sringeri Street, Sringeri, Karnataka 577139, India",ACC0000479,1976-03-04,FEMALE,DEFGH5678CCCC,7.07071E+12,ICICI,ICIC0006020,anika.shah@email.com,9867133492,INDIAN,SAVING,1
480,Krish Nanda,"7069 Kuppam Lane, Kuppam, Andhra Pradesh 517425, India",ACC0000480,1988-06-09,MALE,IJKLMN9012DDDD,7.17172E+12,ICICI,ICIC0006020,krish.nanda@email.com,9766855948,INDIAN,SAVING,1
481,Siya Mehta,"7170 Karunagappally Street, Karunagappally, Kerala 690518, India",ACC0000481,1979-10-13,FEMALE,OPQRS2345EEEE,7.27273E+12,ICICI,ICIC0006020,siya.mehta@email.com,8856025641,INDIAN,SAVING,1
482,Advait Khanna,"7271 Thoothukudi Road, Thoothukudi, Tamil Nadu 628001, India",ACC0000482,1996-02-23,MALE,TUVWX5678FFFF,7.37374E+12,ICICI,ICIC0006020,advait.khanna@email.com,8546935739,INDIAN,SAVING,1
483,Kavya Raj,"7372 Kumbakonam Street, Kumbakonam, Tamil Nadu 612001, India",ACC0000483,1975-06-17,FEMALE,YZABC1234GGGG,7.47475E+12,ICICI,ICIC0006020,kavya.raj@email.com,9604699439,INDIAN,SAVING,1
484,Arjun Singh,"7473 Nagapattinam Lane, Nagapattinam, Tamil Nadu 611001, India",ACC0000484,1989-11-27,MALE,DEFGH5678HHHH,7.57576E+12,ICICI,ICIC0006020,arjun.singh@email.com,8380993342,INDIAN,SAVING,1
485,Aisha Chopra,"7574 Mannargudi Street, Mannargudi, Tamil Nadu 614001, India",ACC0000485,1973-04-15,FEMALE,IJKLMN9012IIII,7.67677E+12,ICICI,ICIC0006020,aisha.chopra@email.com,8275205938,INDIAN,SAVING,1
486,Vivaan Sharma,"7675 Chitradurga Road, Chitradurga, Karnataka 577501, India",ACC0000486,1992-07-07,MALE,OPQRS2345JJJJ,7.77778E+12,ICICI,ICIC0006020,vivaan.sharma@email.com,9823679448,INDIAN,SAVING,1
487,Anvi Dubey,"7776 Mysuru Lane, Mysuru, Karnataka 570001, India",ACC0000487,1985-09-29,FEMALE,TUVWX5678KKKK,7.87879E+12,ICICI,ICIC0006020,anvi.dubey@email.com,9784151579,INDIAN,SAVING,1
488,Aarohi Kapoor,"7877 Attapadi Street, Attapadi, Kerala 678582, India",ACC0000488,1978-12-09,MALE,YZABC1234LLLL,7.9798E+12,HDFC,HDFC0000206,aarohi.kapoor@email.com,8856878029,INDIAN,SAVING,1
489,Arnav Varma,"7978 Virudhachalam Lane, Virudhachalam, Tamil Nadu 606001, India",ACC0000489,1997-03-29,MALE,DEFGH5678MMMM,8.08081E+12,HDFC,HDFC0000206,arnav.varma@email.com,9673327709,INDIAN,CURRENT,1
490,Kiara Sharma,"8079 Puttur Street, Puttur, Karnataka 574201, India",ACC0000490,1970-05-20,FEMALE,IJKLMN9012NNNN,8.18182E+12,HDFC,HDFC0000206,kiara.sharma@email.com,9970916994,INDIAN,CURRENT,1
491,Advika Shukla,"8180 Varkala Road, Varkala, Kerala 695141, India",ACC0000491,1983-08-25,FEMALE,OPQRS2345OOOO,8.28283E+12,HDFC,HDFC0000206,advika.shukla@email.com,8605156627,INDIAN,CURRENT,1
492,Aarav Iyer,"8281 Hogenakkal Lane, Hogenakkal, Tamil Nadu 636810, India",ACC0000492,1999-01-01,MALE,TUVWX5678PPPP,8.38384E+12,HDFC,HDFC0000206,aarav.iyer@email.com,8381055089,INDIAN,CURRENT,1
493,Aanya Varma,"8382 Bandipur Street, Bandipur, Karnataka 571126, India",ACC0000493,1974-04-02,FEMALE,YZABC1234QQQQ,8.48485E+12,HDFC,HDFC0000206,aanya.varma@email.com,8308453361,INDIAN,CURRENT,1
494,Aryan Kapoor,"8483 Kollam Lane, Kollam, Kerala 691001, India",ACC0000494,1986-07-24,MALE,DEFGH5678RRRR,8.58586E+12,HDFC,HDFC0000206,aryan.kapoor@email.com,9975303223,INDIAN,CURRENT,1
495,Avni Choudhary,"8584 Nagarhole Street, Nagarhole, Karnataka 571202, India",ACC0000495,1991-10-08,MALE,IJKLMN9012SSSS,8.68687E+12,HDFC,HDFC0000206,avni.choudhary@email.com,9960786880,INDIAN,CURRENT,1
496,Arjun Reddy,"8685 Pattambi Road, Pattambi, Kerala 679303, India",ACC0000496,1977-01-14,MALE,OPQRS2345TTTT,8.78788E+12,HDFC,HDFC0000206,arjun.reddy@email.com,9503092327,INDIAN,CURRENT,1
497,Anaya Menon,"8786 Idukki Street, Idukki, Kerala 685602, India",ACC0000497,1988-04-26,FEMALE,TUVWX5678UUUU,8.88889E+12,HDFC,HDFC0000206,anaya.menon@email.com,7709860770,INDIAN,CURRENT,1
498,Aaryan Dubey,"8887 Yercaud Lane, Yercaud, Tamil Nadu 636601, India",ACC0000498,1976-08-05,MALE,YZABC1234VVVV,8.9899E+12,HDFC,HDFC0000206,aaryan.dubey@email.com,9970200188,INDIAN,CURRENT,1
499,Siya Singh,"8988 Yelahanka Road, Yelahanka, Karnataka 560064, India",ACC0000499,1994-11-15,FEMALE,DEFGH5678WWWW,8.9899E+12,HDFC,HDFC0000206,siya.singh@email.com,9552680349,INDIAN,CURRENT,1
500,Advaita Rao,"9089 Kuppam Street, Kuppam, Andhra Pradesh 517425, India",ACC0000500,1983-08-25,FEMALE,IJKLMN9012XXXX,9E+12,HDFC,HDFC0000206,advaita.rao@email.com,8951627647,INDIAN,CURRENT,1
