TRANSACTION_ID,CUSTOMER_ACCOUNT_NUMBER,TRANSACTION_TYPE,TRANSACTION_FROM,TRANSACTION_TO,TRANSACTION_DATE,TRANSACTION_TIME,TRANSACTION_AMOUNT ,ACCOUNT_BALANCE,TRANSACTION_REMARKS
101,ACC00001,CREDIT,ACC00001,ACC00002,2020-09-14,08:45:20,5600,15600.234,"""Successful online payment, thank you!"""
102,ACC00002,CREDIT,ACC00002,ACC00004,2023-05-03,09:30:15,2000,12000.234,"""Transaction processed for online purchase."""
103,ACC00003,CREDIT,ACC00003,ACC00006,2022-11-07,10:12:40,7000,17000.234,"""Payment made for digital services."""
104,ACC00004,DEBIT,ACC0000437,ACC00004,2023-03-25,11:05:25,1200,11200.234,"""Online transaction ID: [ID number]"""
105,ACC00005,CREDIT,ACC00005,ACC000010,2021-08-12,12:20:30,10000,20000.234,"""Payment for order #[Order Number]."""
106,ACC00006,CREDIT,ACC00006,ACC000012,2023-01-19,13:15:10,3500,13500.234,"""Payment confirmation for online booking."""
107,ACC00007,DEBIT,ACC0000313,ACC00007,2022-06-08,14:00:55,6700,16700.234,"""Online bill payment processed."""
108,ACC00008,CREDIT,ACC00008,ACC000016,2020-10-31,15:10:18,8500,18500.234,"""Thank you for shopping with us online!"""
109,ACC00009,CREDIT,ACC00009,ACC000018,2021-02-14,16:40:45,4000,14000.9,"""E-receipt for online transaction available in your account."""
110,ACC000010,CREDIT,ACC000010,ACC000020,2019-07-22,08:55:22,5500,15500.9,"""Transaction complete for online subscription."""
111,ACC000011,DEBIT,ACC0000221,ACC000011,2022-12-05,09:45:50,3000,13000.9,"""Successful online payment, thank you!"""
112,ACC000012,CREDIT,ACC000012,ACC000024,2023-04-17,10:30:55,7800,17800.9,"""Transaction processed for online purchase."""
113,ACC000013,CREDIT,ACC000013,ACC000026,2022-09-29,11:10:40,9200,19200.9,"""Payment made for digital services."""
114,ACC000014,DEBIT,ACC0000156,ACC000014,2022-05-18,12:25:22,10000,20000.9,"""Online transaction ID: [ID number]"""
115,ACC000015,CREDIT,ACC000015,ACC000030,2022-11-23,13:40:15,6100,16100.9,"""Payment for order #[Order Number]."""
116,ACC000016,CREDIT,ACC000016,ACC000032,2023-03-07,14:50:30,4800,14800.9,"""Payment confirmation for online booking."""
117,ACC000017,CREDIT,ACC000017,ACC000034,2020-08-27,15:05:18,2900,12900.9,"""Online bill payment processed."""
118,ACC000018,DEBIT,ACC0000435,ACC000018,2023-02-02,16:15:25,8000,18000.9,"""Thank you for shopping with us online!"""
119,ACC000019,CREDIT,ACC000019,ACC000038,2022-06-15,17:45:55,3600,13600.11,"""E-receipt for online transaction available in your account."""
120,ACC000020,CREDIT,ACC000020,ACC000040,2022-11-09,08:50:10,7000,17000.11,"""Transaction complete for online subscription."""
121,ACC000021,CREDIT,ACC000021,ACC000042,2023-04-02,09:12:40,4560,14560.11,"""Successful online payment, thank you!"""
122,ACC000022,CREDIT,ACC000022,ACC000044,2020-07-11,10:05:55,8970,18970.11,"""Transaction processed for online purchase."""
123,ACC000023,DEBIT,ACC0000145,ACC000023,2022-12-24,11:30:30,2340,12340.11,"""Payment made for digital services."""
124,ACC000024,DEBIT,ACC000046,ACC000024,2023-05-09,12:20:18,6780,16780.11,"""Online transaction ID: [ID number]"""
125,ACC000025,DEBIT,ACC0000247,ACC000025,2020-10-16,13:25:25,5430,15430.11,"""Successful online payment, thank you!"""
126,ACC000026,DEBIT,ACC0000318,ACC000026,2023-01-31,14:00:50,9870,19870.11,"""Transaction processed for online purchase."""
127,ACC000027,CREDIT,ACC000027,ACC000054,2022-05-22,15:35:22,3240,13240.11,"""Payment made for digital services."""
128,ACC000028,CREDIT,ACC000028,ACC000056,2021-09-04,16:55:15,7890,17890.11,"""Online transaction ID: [ID number]"""
129,ACC000029,CREDIT,ACC000029,ACC000058,2023-01-14,08:55:28,1650,11650.11,"""Payment for order #[Order Number]."""
130,ACC000030,CREDIT,ACC000030,ACC000060,2022-06-28,09:40:45,8200,18200.11,"""Payment confirmation for online booking."""
131,ACC000031,NULL,NULL,NULL,NULL,NULL,NULL,1000,"""INACTIVE ACCOUNT"""
132,ACC000032,CREDIT,ACC000032,ACC000064,2019-04-10,11:25:12,3780,13780.11,"""Thank you for shopping with us online!"""
133,ACC000033,CREDIT,ACC000033,ACC000066,2022-08-03,12:10:30,6300,16300.11,"""E-receipt for online transaction available in your account."""
134,ACC000034,DEBIT,ACC0000167,ACC000034,2022-11-30,13:45:18,9450,19450.11,"""Transaction complete for online subscription."""
135,ACC000035,CREDIT,ACC000035,ACC000070,2020-03-15,14:30:55,3000,13000.11,"""Successful online payment, thank you!"""
136,ACC000036,CREDIT,ACC000036,ACC000072,2022-07-06,15:20:25,7560,17560.45,"""Transaction processed for online purchase."""
137,ACC000037,DEBIT,ACC0000263,ACC000037,2022-10-19,16:12:40,4870,14870.45,"""Payment made for digital services."""
138,ACC000038,CREDIT,ACC000038,ACC000076,2021-02-22,08:20:22,2500,12500.45,"""Online transaction ID: [ID number]"""
139,ACC000039,CREDIT,ACC000039,ACC000078,2022-05-05,09:05:15,6960,16960.45,"""Payment for order #[Order Number]."""
140,ACC000040,CREDIT,ACC000040,ACC000080,2019-06-01,10:40:30,4320,14320.45,"""Payment confirmation for online booking."""
141,ACC000041,DEBIT,ACC0000181,ACC000041,2022-09-20,11:15:18,5600,15600.45,"""Online bill payment processed."""
142,ACC000042,CREDIT,ACC000042,ACC000084,2023-01-07,12:00:22,2340,12340.45,"""Thank you for shopping with us online!"""
143,ACC000043,CREDIT,ACC000043,ACC000086,2022-11-14,13:25:12,7890,17890.45,"""E-receipt for online transaction available in your account."""
144,ACC000044,CREDIT,ACC000044,ACC000088,2020-04-25,14:55:45,1200,11200.45,"""Transaction complete for online subscription."""
145,ACC000045,DEBIT,ACC0000189,ACC000045,2022-08-08,15:50:20,9870,19870.45,"""Successful online payment, thank you!"""
146,ACC000046,CREDIT,ACC000046,ACC000092,2019-02-01,16:35:28,3450,13450.45,"""Transaction processed for online purchase."""
147,ACC000047,CREDIT,ACC000047,ACC000094,2022-06-21,08:50:50,6700,16700.45,"""Payment made for digital services."""
148,ACC000048,DEBIT,ACC0000365,ACC000048,2021-10-04,09:35:55,8500,18500.45,"""Online transaction ID: [ID number]"""
149,ACC000049,DEBIT,ACC0000416,ACC000049,2023-03-20,10:00:40,4320,14320.45,"""Successful online payment, thank you!"""
150,ACC000050,DEBIT,ACC0000447,ACC000050,2022-07-27,11:10:22,5670,15670.45,"""Transaction processed for online purchase."""
151,ACC000051,CREDIT,ACC000051,ACC0000102,2019-12-10,12:25:15,3000,13000.45,"""Payment made for digital services."""
152,ACC000052,CREDIT,ACC000052,ACC0000104,2023-05-01,13:40:30,7800,17800.45,"""Online transaction ID: [ID number]"""
153,ACC000053,CREDIT,ACC000053,ACC0000106,2022-09-26,14:50:18,9200,19200.45,"""Payment for order #[Order Number]."""
154,ACC000054,CREDIT,ACC000054,ACC0000108,2020-01-12,15:40:25,1500,11500.45,"""Payment confirmation for online booking."""
155,ACC000055,DEBIT,ACC0000159,ACC000055,2022-11-17,16:30:55,6100,16100.129,"""Online bill payment processed."""
156,ACC000056,CREDIT,ACC000056,ACC0000112,2023-04-06,08:40:10,4800,14800.129,"""Thank you for shopping with us online!"""
157,ACC000057,CREDIT,ACC000057,ACC0000114,2021-08-15,09:12:40,2900,12900.129,"""E-receipt for online transaction available in your account."""
158,ACC000058,DEBIT,ACC0000185,ACC000058,2023-02-08,10:05:55,8000,18000.129,"""Transaction complete for online subscription."""
159,ACC000059,CREDIT,ACC000059,ACC0000118,2018-06-01,11:30:30,3600,13600.129,"""Successful online payment, thank you!"""
160,ACC000060,CREDIT,ACC000060,ACC0000120,2022-10-24,12:20:18,7000,17000.129,"""Transaction processed for online purchase."""
161,ACC000061,DEBIT,ACC0000221,ACC000061,2023-03-11,13:25:25,4560,14560.129,"""Payment made for digital services."""
162,ACC000062,CREDIT,ACC000062,ACC0000124,2018-07-04,14:00:50,8970,18970.129,"""Online transaction ID: [ID number]"""
163,ACC000063,CREDIT,ACC000063,ACC0000126,2022-12-27,15:35:22,2340,12340.129,"""Payment for order #[Order Number]."""
164,ACC000064,CREDIT,ACC000064,ACC0000128,2023-05-12,16:55:15,6780,16780.129,"""Payment confirmation for online booking."""
165,ACC000065,DEBIT,ACC0000329,ACC000065,2018-10-09,08:55:28,5430,15430.129,"""Online bill payment processed."""
166,ACC000066,DEBIT,ACC0000430,ACC000066,2023-01-24,09:40:45,9870,19870.129,"""Thank you for shopping with us online!"""
167,ACC000067,CREDIT,ACC000067,ACC0000134,2022-05-29,10:15:20,3240,13240.129,"""E-receipt for online transaction available in your account."""
168,ACC000068,CREDIT,ACC000068,ACC0000136,2018-09-11,11:25:12,7890,17890.129,"""Transaction complete for online subscription."""
169,ACC000069,CREDIT,ACC000069,ACC0000138,2023-01-19,12:10:30,1650,11650.129,"""Successful online payment, thank you!"""
170,ACC000070,CREDIT,ACC000070,ACC0000140,2020-06-05,13:45:18,8200,18200.129,"""Transaction processed for online purchase."""
171,ACC000071,DEBIT,ACC0000401,ACC000071,2022-11-28,14:30:55,5100,15100.129,"""Payment made for digital services."""
172,ACC000072,DEBIT,ACC0000442,ACC000072,2018-04-21,15:20:25,3780,13780.129,"""Online transaction ID: [ID number]"""
173,ACC000073,DEBIT,ACC0000453,ACC000073,2022-08-19,16:12:40,6300,16300.129,"""Successful online payment, thank you!"""
174,ACC000074,CREDIT,ACC000074,ACC0000148,2023-02-04,08:20:22,9450,19450.129,"""Transaction processed for online purchase."""
175,ACC000075,CREDIT,ACC000075,ACC0000150,2021-07-16,09:05:15,2910,12910.129,"""Payment made for digital services."""
176,ACC000076,DEBIT,ACC0000351,ACC000076,2022-12-03,10:40:30,7560,17560.129,"""Online transaction ID: [ID number]"""
177,ACC000077,CREDIT,ACC000077,ACC0000154,2023-05-24,11:15:18,4870,14870.27,"""Payment for order #[Order Number]."""
178,ACC000078,CREDIT,ACC000078,ACC0000156,2019-10-31,12:00:22,2190,12190.27,"""Payment confirmation for online booking."""
179,ACC000079,DEBIT,ACC0000257,ACC000079,2023-03-16,13:25:12,6960,16960.27,"""Online bill payment processed."""
180,ACC000080,CREDIT,ACC000080,ACC0000160,2022-07-09,14:55:45,4320,14320.27,"""Thank you for shopping with us online!"""
181,ACC000081,CREDIT,ACC000081,ACC0000162,2019-11-22,15:50:20,5600,15600.27,"""E-receipt for online transaction available in your account."""
182,ACC000082,CREDIT,ACC000082,ACC0000164,2023-04-05,16:35:28,2340,12340.27,"""Transaction complete for online subscription."""
183,ACC000083,CREDIT,ACC000083,ACC0000166,2022-08-26,08:50:50,7890,17890.27,"""Successful online payment, thank you!"""
184,ACC000084,CREDIT,ACC000084,ACC0000168,2023-02-09,09:35:55,1200,11200.27,"""Transaction processed for online purchase."""
185,ACC000085,CREDIT,ACC000085,ACC0000170,2020-06-14,10:00:40,9870,19870.27,"""Payment made for digital services."""
186,ACC000086,CREDIT,ACC000086,ACC0000172,2022-10-27,11:10:22,3450,13450.27,"""Online transaction ID: [ID number]"""
187,ACC000087,DEBIT,ACC0000174,ACC000087,2023-03-12,12:25:15,6700,16700.27,"""Payment for order #[Order Number]."""
188,ACC000088,CREDIT,ACC000088,ACC0000275,2019-07-05,13:40:30,8500,18500.27,"""Payment confirmation for online booking."""
189,ACC000089,CREDIT,ACC000089,ACC0000178,2022-11-18,14:50:18,4320,14320.27,"""Online bill payment processed."""
190,ACC000090,DEBIT,ACC0000379,ACC000090,2023-04-07,15:40:25,5670,15670.27,"""Thank you for shopping with us online!"""
191,ACC000091,CREDIT,ACC000091,ACC0000182,2020-08-14,16:30:55,3000,13000.27,"""E-receipt for online transaction available in your account."""
192,ACC000092,CREDIT,ACC000092,ACC0000184,2023-01-30,08:40:10,7800,17800.27,"""Transaction complete for online subscription."""
193,ACC000093,CREDIT,ACC000093,ACC0000186,2021-05-23,09:12:40,9200,19200.27,"""Successful online payment, thank you!"""
194,ACC000094,CREDIT,ACC000094,ACC0000188,2022-09-06,10:05:55,1500,11500.27,"""Transaction processed for online purchase."""
195,ACC000095,DEBIT,ACC0000289,ACC000095,2023-01-15,11:30:30,6100,16100.27,"""Payment made for digital services."""
196,ACC000096,CREDIT,ACC000096,ACC0000192,2021-06-29,12:20:18,4800,14800.27,"""Online transaction ID: [ID number]"""
197,ACC000097,CREDIT,ACC000097,ACC0000194,2022-12-18,13:25:25,2900,12900.27,"""Successful online payment, thank you!"""
198,ACC000098,CREDIT,ACC000098,ACC0000196,2019-04-11,14:00:50,8000,18000.27,"""Transaction processed for online purchase."""
199,ACC000099,CREDIT,ACC000099,ACC0000198,2022-08-04,15:35:22,3600,13600.27,"""Payment made for digital services."""
200,ACC0000100,CREDIT,ACC0000100,ACC0000200,2018-11-29,16:55:15,7000,17000.27,"""Online transaction ID: [ID number]"""
201,ACC0000101,DEBIT,ACC0000291,ACC0000101,2023-05-06,08:55:28,4560,14560.27,"""Payment for order #[Order Number]."""
202,ACC0000102,CREDIT,ACC0000102,ACC0000204,2020-09-18,09:40:45,8970,18970.27,"""Payment confirmation for online booking."""
203,ACC0000103,CREDIT,ACC0000103,ACC0000206,2023-01-23,10:15:20,2340,12340.27,"""Online bill payment processed."""
204,ACC0000104,DEBIT,ACC0000247,ACC0000104,2022-06-12,11:25:12,6780,106780.173,"""Thank you for shopping with us online!"""
205,ACC0000105,CREDIT,ACC0000105,ACC0000210,2020-11-03,12:10:30,5430,105430.173,"""E-receipt for online transaction available in your account."""
206,ACC0000106,CREDIT,ACC0000106,ACC0000212,2023-04-14,13:45:18,9870,109870.173,"""Transaction complete for online subscription."""
207,ACC0000107,CREDIT,ACC0000107,ACC0000214,2019-08-22,14:30:55,3240,103240.173,"""Successful online payment, thank you!"""
208,ACC0000108,CREDIT,ACC0000108,ACC0000216,2023-02-17,15:20:25,7890,107890.173,"""Transaction processed for online purchase."""
209,ACC0000109,CREDIT,ACC0000109,ACC0000212,2018-07-01,16:12:40,1650,101650.173,"""Payment made for digital services."""
210,ACC0000110,CREDIT,ACC0000110,ACC0000220,2022-12-14,08:20:22,8200,108200.173,"""Online transaction ID: [ID number]"""
211,ACC0000111,DEBIT,ACC0000321,ACC0000111,2023-05-27,09:05:15,5100,105100.173,"""Payment for order #[Order Number]."""
212,ACC0000112,DEBIT,ACC0000422,ACC0000112,2022-10-06,10:40:30,3780,103780.173,"""Payment confirmation for online booking."""
213,ACC0000113,DEBIT,ACC0000323,ACC0000113,2020-03-22,11:15:18,6300,106300.173,"""Online bill payment processed."""
214,ACC0000114,CREDIT,ACC0000114,ACC0000228,2022-07-13,12:00:22,9450,109450.173,"""Thank you for shopping with us online!"""
215,ACC0000115,CREDIT,ACC0000115,ACC0000230,2021-11-06,13:25:12,2910,102910.173,"""E-receipt for online transaction available in your account."""
216,ACC0000116,CREDIT,ACC0000116,ACC0000232,2023-04-30,14:55:45,7560,107560.173,"""Transaction complete for online subscription."""
217,ACC0000117,CREDIT,ACC0000117,ACC0000234,2020-08-08,15:50:20,4870,104870.173,"""Successful online payment, thank you!"""
218,ACC0000118,CREDIT,ACC0000118,ACC0000236,2023-01-12,16:35:28,2190,102190.173,"""Transaction processed for online purchase."""
219,ACC0000119,CREDIT,ACC0000119,ACC0000238,2018-06-21,08:50:50,6960,106960.173,"""Payment made for digital services."""
220,ACC0000120,DEBIT,ACC000039,ACC0000120,2018-10-14,09:35:55,4320,104320.173,"""Online transaction ID: [ID number]"""
221,ACC0000121,CREDIT,ACC0000121,ACC0000242,2023-03-05,10:00:40,5600,105600.173,"""Successful online payment, thank you!"""
222,ACC0000122,NULL,NULL,NULL,NULL,NULL,NULL,1000,"""INACTIVE ACCOUNT"""
223,ACC0000123,CREDIT,ACC0000123,ACC0000246,2020-12-11,12:25:15,7890,107890.173,"""Payment made for digital services."""
224,ACC0000124,CREDIT,ACC0000124,ACC0000248,2023-05-02,13:40:30,1200,101200.12,"""Online transaction ID: [ID number]"""
225,ACC0000125,CREDIT,ACC0000125,ACC0000250,2019-09-24,14:50:18,9870,109870.12,"""Payment for order #[Order Number]."""
226,ACC0000126,DEBIT,ACC000051,ACC0000126,2023-02-08,15:40:25,3450,103450.12,"""Payment confirmation for online booking."""
227,ACC0000127,CREDIT,ACC0000127,ACC0000254,2022-06-03,16:30:55,6700,106700.12,"""Online bill payment processed."""
228,ACC0000128,CREDIT,ACC0000128,ACC0000256,2022-10-26,08:40:10,8500,108500.12,"""Thank you for shopping with us online!"""
229,ACC0000129,CREDIT,ACC0000129,ACC0000258,2020-03-11,09:12:40,4320,104320.12,"""E-receipt for online transaction available in your account."""
230,ACC0000130,DEBIT,ACC000059,ACC0000130,2021-08-17,10:05:55,5670,105670.12,"""Transaction complete for online subscription."""
231,ACC0000131,DEBIT,ACC0000160,ACC0000131,2022-12-04,11:30:30,3000,103000.12,"""Successful online payment, thank you!"""
232,ACC0000132,DEBIT,ACC0000201,ACC0000132,2019-04-25,12:20:18,7800,107800.12,"""Transaction processed for online purchase."""
233,ACC0000133,CREDIT,ACC0000133,ACC0000266,2022-09-07,13:25:25,9200,109200.12,"""Payment made for digital services."""
234,ACC0000134,CREDIT,ACC0000134,ACC0000268,2023-01-20,14:00:50,1500,101500.12,"""Online transaction ID: [ID number]"""
235,ACC0000135,CREDIT,ACC0000135,ACC0000270,2021-11-15,15:35:22,6100,106100.12,"""Payment for order #[Order Number]."""
236,ACC0000136,CREDIT,ACC0000136,ACC0000272,2023-05-06,16:55:15,4800,104800.12,"""Payment confirmation for online booking."""
237,ACC0000137,CREDIT,ACC0000137,ACC0000274,2020-08-30,08:55:28,2900,102900.12,"""Online bill payment processed."""
238,ACC0000138,CREDIT,ACC0000138,ACC0000276,2023-02-24,09:40:45,8000,108000.12,"""Thank you for shopping with us online!"""
239,ACC0000139,CREDIT,ACC0000139,ACC0000278,2022-07-06,10:15:20,3600,103600.12,"""E-receipt for online transaction available in your account."""
240,ACC0000140,DEBIT,ACC000079,ACC0000140,2020-11-29,11:25:12,7000,107000.12,"""Transaction complete for online subscription."""
241,ACC0000141,CREDIT,ACC0000141,ACC0000282,2023-04-10,12:10:30,4560,104560.12,"""Successful online payment, thank you!"""
242,ACC0000142,CREDIT,ACC0000142,ACC0000284,2021-09-13,13:45:18,8970,108970.12,"""Transaction processed for online purchase."""
243,ACC0000143,CREDIT,ACC0000143,ACC0000286,2023-01-28,14:30:55,2340,102340.12,"""Payment made for digital services."""
244,ACC0000144,CREDIT,ACC0000144,ACC0000288,2019-06-15,15:20:25,6780,106780.12,"""Online transaction ID: [ID number]"""
245,ACC0000145,CREDIT,ACC0000145,ACC0000290,2022-10-08,16:12:40,5430,105430.12,"""Successful online payment, thank you!"""
246,ACC0000146,DEBIT,ACC000091,ACC0000146,2020-03-23,08:20:22,9870,109870.12,"""Transaction processed for online purchase."""
247,ACC0000147,DEBIT,ACC000092,ACC0000147,2022-07-16,09:05:15,3240,103240.12,"""Payment made for digital services."""
248,ACC0000148,CREDIT,ACC0000148,ACC0000296,2018-11-09,10:40:30,7890,107890.12,"""Online transaction ID: [ID number]"""
249,ACC0000149,CREDIT,ACC0000149,ACC0000298,2023-04-01,11:15:18,1650,101650.12,"""Payment for order #[Order Number]."""
250,ACC0000150,CREDIT,ACC0000150,ACC0000300,2019-08-22,12:00:22,8200,108200.12,"""Payment confirmation for online booking."""
251,ACC0000151,CREDIT,ACC0000151,ACC0000302,2021-02-15,13:25:12,5100,105100.12,"""Online bill payment processed."""
252,ACC0000152,CREDIT,ACC0000152,ACC0000304,2022-06-26,14:55:45,3780,103780.12,"""Thank you for shopping with us online!"""
253,ACC0000153,CREDIT,ACC0000153,ACC0000306,2019-11-19,15:50:20,6300,106300.12,"""E-receipt for online transaction available in your account."""
254,ACC0000154,CREDIT,ACC0000154,ACC0000308,2023-05-10,16:35:28,9450,109450.12,"""Transaction complete for online subscription."""
255,ACC0000155,NULL,NULL,NULL,NULL,NULL,NULL,1000,"""INACTIVE ACCOUNT"""
256,ACC0000156,CREDIT,ACC0000156,ACC0000312,2020-01-14,09:35:55,7560,107560.65,"""Transaction processed for online purchase."""
257,ACC0000157,CREDIT,ACC0000157,ACC0000314,2022-07-23,10:00:40,4870,104870.65,"""Payment made for digital services."""
258,ACC0000158,CREDIT,ACC0000158,ACC0000316,2021-12-06,11:10:22,2190,102190.65,"""Online transaction ID: [ID number]"""
259,ACC0000159,CREDIT,ACC0000159,ACC0000318,2023-04-19,12:25:15,6960,106960.65,"""Payment for order #[Order Number]."""
260,ACC0000160,CREDIT,ACC0000160,ACC0000320,2018-08-12,13:40:30,4320,104320.65,"""Payment confirmation for online booking."""
261,ACC0000161,DEBIT,ACC0000201,ACC0000161,2023-02-03,14:50:18,5600,105600.65,"""Online bill payment processed."""
262,ACC0000162,CREDIT,ACC0000162,ACC0000324,2020-06-18,15:40:25,2340,102340.65,"""Thank you for shopping with us online!"""
263,ACC0000163,DEBIT,ACC000025,ACC0000163,2022-11-11,16:30:55,7890,107890.65,"""E-receipt for online transaction available in your account."""
264,ACC0000164,CREDIT,ACC0000164,ACC0000328,2021-05-03,08:40:10,1200,101200.65,"""Transaction complete for online subscription."""
265,ACC0000165,CREDIT,ACC0000165,ACC0000330,2022-09-15,09:12:40,9870,109870.65,"""Successful online payment, thank you!"""
266,ACC0000166,CREDIT,ACC0000166,ACC0000332,2019-01-30,10:05:55,3450,103450.65,"""Transaction processed for online purchase."""
267,ACC0000167,DEBIT,ACC000033,ACC0000167,2022-07-04,11:30:30,6700,106700.65,"""Payment made for digital services."""
268,ACC0000168,CREDIT,ACC0000168,ACC0000336,2020-11-27,12:20:18,8500,108500.65,"""Online transaction ID: [ID number]"""
269,ACC0000169,CREDIT,ACC0000169,ACC0000338,2023-04-18,13:25:25,4320,104320.65,"""Successful online payment, thank you!"""
270,ACC0000170,DEBIT,ACC0000239,ACC0000170,2021-08-05,14:00:50,5670,105670.65,"""Transaction processed for online purchase."""
271,ACC0000171,CREDIT,ACC0000171,ACC0000342,2023-02-28,15:35:22,3000,103000.65,"""Payment made for digital services."""
272,ACC0000172,CREDIT,ACC0000172,ACC0000344,2020-06-09,16:55:15,7800,107800.65,"""Online transaction ID: [ID number]"""
273,ACC0000173,CREDIT,ACC0000173,ACC0000346,2018-10-02,08:55:28,9200,109200.65,"""Payment for order #[Order Number]."""
274,ACC0000174,CREDIT,ACC0000174,ACC0000348,2023-03-17,09:40:45,1500,101500.65,"""Payment confirmation for online booking."""
275,ACC0000175,DEBIT,ACC000049,ACC0000175,2020-07-10,10:15:20,6100,106100.65,"""Online bill payment processed."""
276,ACC0000176,DEBIT,ACC0000150,ACC0000176,2022-11-03,11:25:12,4800,104800.65,"""Thank you for shopping with us online!"""
277,ACC0000177,CREDIT,ACC0000177,ACC0000354,2023-04-26,12:10:30,2900,102900.65,"""E-receipt for online transaction available in your account."""
278,ACC0000178,CREDIT,ACC0000178,ACC0000356,2021-08-29,13:45:18,8000,108000.44,"""Transaction complete for online subscription."""
279,ACC0000179,CREDIT,ACC0000179,ACC0000358,2023-02-23,14:30:55,3600,103600.44,"""Successful online payment, thank you!"""
280,ACC0000180,CREDIT,ACC0000180,ACC0000360,2022-07-05,15:20:25,7000,107000.44,"""Transaction processed for online purchase."""
281,ACC0000181,CREDIT,ACC0000181,ACC0000362,2020-11-28,16:12:40,4560,104560.44,"""Payment made for digital services."""
282,ACC0000182,DEBIT,ACC000063,ACC0000182,2023-04-11,08:20:22,8970,108970.44,"""Online transaction ID: [ID number]"""
283,ACC0000183,CREDIT,ACC0000183,ACC0000366,2022-09-14,09:05:15,2340,102340.44,"""Payment for order #[Order Number]."""
284,ACC0000184,CREDIT,ACC0000184,ACC0000368,2023-01-19,10:40:30,6780,106780.44,"""Payment confirmation for online booking."""
285,ACC0000185,DEBIT,ACC0000369,ACC0000185,2019-06-30,11:15:18,5430,105430.44,"""Online bill payment processed."""
286,ACC0000186,CREDIT,ACC0000186,ACC0000372,2022-10-23,12:00:22,9870,109870.44,"""Thank you for shopping with us online!"""
287,ACC0000187,CREDIT,ACC0000187,ACC0000374,2023-03-08,13:25:12,3240,103240.44,"""E-receipt for online transaction available in your account."""
288,ACC0000188,CREDIT,ACC0000188,ACC0000376,2022-07-01,14:55:45,7890,107890.44,"""Transaction complete for online subscription."""
289,ACC0000189,CREDIT,ACC0000189,ACC0000378,2022-11-14,15:50:20,1650,101650.44,"""Successful online payment, thank you!"""
290,ACC0000190,CREDIT,ACC0000190,ACC0000380,2023-04-07,16:35:28,8200,108200.44,"""Transaction processed for online purchase."""
291,ACC0000191,DEBIT,ACC0000381,ACC0000191,2020-08-18,08:50:50,5100,105100.44,"""Payment made for digital services."""
292,ACC0000192,CREDIT,ACC0000192,ACC0000384,2023-02-01,09:35:55,3780,103780.44,"""Online transaction ID: [ID number]"""
293,ACC0000193,CREDIT,ACC0000193,ACC0000386,2021-06-14,10:00:40,6300,106300.44,"""Successful online payment, thank you!"""
294,ACC0000194,CREDIT,ACC0000194,ACC0000388,2022-10-07,11:10:22,9450,109450.44,"""Transaction processed for online purchase."""
295,ACC0000195,CREDIT,ACC0000195,ACC0000390,2023-03-28,12:25:15,2910,102910.44,"""Payment made for digital services."""
296,ACC0000196,CREDIT,ACC0000196,ACC0000392,2019-07-11,13:40:30,7560,107560.44,"""Online transaction ID: [ID number]"""
297,ACC0000197,DEBIT,ACC0000393,ACC0000197,2022-11-04,14:50:18,4870,104870.44,"""Payment for order #[Order Number]."""
298,ACC0000198,CREDIT,ACC0000198,ACC0000396,2018-04-27,15:40:25,2190,102190.44,"""Payment confirmation for online booking."""
299,ACC0000199,CREDIT,ACC0000199,ACC0000398,2022-09-20,16:30:55,6960,106960.44,"""Online bill payment processed."""
300,ACC0000200,CREDIT,ACC0000200,ACC0000400,2023-01-25,08:40:10,4320,104320.44,"""Thank you for shopping with us online!"""
301,ACC0000201,CREDIT,ACC0000201,ACC0000402,2023-06-07,09:12:40,5600,105600.44,"""E-receipt for online transaction available in your account."""
302,ACC0000202,DEBIT,ACC00003,ACC0000202,2021-12-18,10:05:55,2340,102340.44,"""Transaction complete for online subscription."""
303,ACC0000203,CREDIT,ACC0000203,ACC0000402,2023-05-01,11:30:30,7890,107890.44,"""Successful online payment, thank you!"""
304,ACC0000204,CREDIT,ACC0000204,ACC0000408,2020-09-24,12:20:18,1200,101200.44,"""Transaction processed for online purchase."""
305,ACC0000205,CREDIT,ACC0000205,ACC0000410,2023-02-08,13:25:25,9870,109870.44,"""Payment made for digital services."""
306,ACC0000206,CREDIT,ACC0000206,ACC0000412,2019-06-15,14:00:50,3450,103450.44,"""Online transaction ID: [ID number]"""
307,ACC0000207,CREDIT,ACC0000207,ACC0000414,2022-11-09,15:35:22,6700,106700.44,"""Payment for order #[Order Number]."""
308,ACC0000208,CREDIT,ACC0000208,ACC0000416,2023-04-02,16:55:15,8500,108500.81,"""Payment confirmation for online booking."""
309,ACC0000209,CREDIT,ACC0000209,ACC0000418,2018-08-19,08:55:28,4320,104320.81,"""Online bill payment processed."""
310,ACC0000210,DEBIT,ACC00009,ACC0000210,2023-01-03,09:40:45,5670,105670.81,"""Thank you for shopping with us online!"""
311,ACC0000211,DEBIT,ACC00005,ACC0000211,2022-05-22,10:15:20,3000,103000.81,"""E-receipt for online transaction available in your account."""
312,ACC0000212,CREDIT,ACC0000212,ACC0000424,2022-10-15,11:25:12,7800,107800.81,"""Transaction complete for online subscription."""
313,ACC0000213,CREDIT,ACC0000213,ACC0000426,2018-03-08,12:10:30,9200,109200.81,"""Successful online payment, thank you!"""
314,ACC0000214,CREDIT,ACC0000214,ACC0000428,2022-07-01,13:45:18,1500,101500.81,"""Transaction processed for online purchase."""
315,ACC0000215,CREDIT,ACC0000215,ACC0000430,2022-11-25,14:30:55,6100,106100.81,"""Payment made for digital services."""
316,ACC0000216,CREDIT,ACC0000216,ACC0000432,2023-04-17,15:20:25,4800,104800.81,"""Online transaction ID: [ID number]"""
317,ACC0000217,CREDIT,ACC0000217,ACC0000434,2021-09-10,16:12:40,2900,102900.81,"""Successful online payment, thank you!"""
318,ACC0000218,NULL,NULL,NULL,NULL,NULL,NULL,1000,"""INACTIVE ACCOUNT"""
319,ACC0000219,DEBIT,ACC00007,ACC0000219,2022-06-28,09:05:15,3600,13600.12,"""Payment made for digital services."""
320,ACC0000220,CREDIT,ACC0000220,ACC0000440,2020-12-21,10:40:30,7000,17000.12,"""Online transaction ID: [ID number]"""
321,ACC0000221,CREDIT,ACC0000221,ACC0000442,2023-05-14,11:15:18,4560,14560.12,"""Payment for order #[Order Number]."""
322,ACC0000222,CREDIT,ACC0000222,ACC0000444,2022-10-03,12:00:22,8970,18970.12,"""Payment confirmation for online booking."""
323,ACC0000223,CREDIT,ACC0000223,ACC0000446,2023-02-16,13:25:12,2340,12340.12,"""Online bill payment processed."""
324,ACC0000224,CREDIT,ACC0000224,ACC0000448,2018-07-09,14:55:45,6780,16780.12,"""Thank you for shopping with us online!"""
325,ACC0000225,DEBIT,ACC0000111,ACC0000225,2022-11-02,15:50:20,5430,15430.12,"""E-receipt for online transaction available in your account."""
326,ACC0000226,DEBIT,ACC0000130,ACC0000226,2019-04-25,16:35:28,9870,19870.12,"""Transaction complete for online subscription."""
327,ACC0000227,CREDIT,ACC0000227,ACC0000454,2022-08-29,08:50:50,3240,13240.12,"""Successful online payment, thank you!"""
328,ACC0000228,CREDIT,ACC0000228,ACC0000456,2023-01-13,09:35:55,7890,17890.12,"""Transaction processed for online purchase."""
329,ACC0000229,DEBIT,ACC000057,ACC0000229,2020-06-19,10:00:40,1650,11650.12,"""Payment made for digital services."""
330,ACC0000230,CREDIT,ACC0000230,ACC0000460,2022-11-12,11:10:22,8200,18200.12,"""Online transaction ID: [ID number]"""
331,ACC0000231,CREDIT,ACC0000231,ACC0000462,2023-05-05,12:25:15,5100,15100.12,"""Payment for order #[Order Number]."""
332,ACC0000232,CREDIT,ACC0000232,ACC0000464,2021-09-17,13:40:30,3780,13780.12,"""Payment confirmation for online booking."""
333,ACC0000233,CREDIT,ACC0000233,ACC0000466,2023-02-01,14:50:18,6300,16300.12,"""Online bill payment processed."""
334,ACC0000234,DEBIT,ACC00006,ACC0000234,2020-06-24,15:40:25,9450,19450.12,"""Thank you for shopping with us online!"""
335,ACC0000235,CREDIT,ACC0000235,ACC0000470,2022-11-17,16:30:55,2910,12910.12,"""E-receipt for online transaction available in your account."""
336,ACC0000236,CREDIT,ACC0000236,ACC0000472,2023-04-10,08:40:10,7560,17560.12,"""Transaction complete for online subscription."""
337,ACC0000237,CREDIT,ACC0000237,ACC0000474,2019-08-13,09:12:40,4870,14870.12,"""Successful online payment, thank you!"""
338,ACC0000238,DEBIT,ACC0000175,ACC0000238,2023-01-28,10:05:55,2190,12190.12,"""Transaction processed for online purchase."""
339,ACC0000239,DEBIT,ACC000076,ACC0000239,2022-07-03,11:30:30,6960,16960.12,"""Payment made for digital services."""
340,ACC0000240,CREDIT,ACC0000240,ACC0000480,2022-11-26,12:20:18,4320,14320.12,"""Online transaction ID: [ID number]"""
341,ACC0000241,CREDIT,ACC0000241,ACC0000482,2018-05-19,13:25:25,5600,15600.12,"""Successful online payment, thank you!"""
342,ACC0000242,CREDIT,ACC0000242,ACC0000484,2022-10-08,14:00:50,2340,12340.12,"""Transaction processed for online purchase."""
343,ACC0000243,DEBIT,ACC000085,ACC0000243,2023-02-21,15:35:22,7890,17890.12,"""Payment made for digital services."""
344,ACC0000244,DEBIT,ACC000046,ACC0000244,2022-07-14,16:55:15,1200,11200.12,"""Online transaction ID: [ID number]"""
345,ACC0000245,DEBIT,ACC000037,ACC0000245,2021-12-07,08:55:28,9870,19870.12,"""Payment for order #[Order Number]."""
346,ACC0000246,CREDIT,ACC0000246,ACC0000492,2023-04-30,09:40:45,3450,13450.12,"""Payment confirmation for online booking."""
347,ACC0000247,CREDIT,ACC0000247,ACC0000494,2022-09-03,10:15:20,6700,16700.12,"""Online bill payment processed."""
348,ACC0000248,CREDIT,ACC0000248,ACC0000496,2020-01-18,11:25:12,8500,18500.12,"""Thank you for shopping with us online!"""
349,ACC0000249,CREDIT,ACC0000249,ACC0000498,2022-06-29,12:10:30,4320,14320.12,"""E-receipt for online transaction available in your account."""
350,ACC0000250,CREDIT,ACC0000250,ACC0000500,2022-11-22,13:45:18,5670,15670.12,"""Transaction complete for online subscription."""
351,ACC0000251,CREDIT,ACC0000251,ACC00001,2020-05-15,14:30:55,3000,13000.12,"""Successful online payment, thank you!"""
352,ACC0000252,DEBIT,ACC00002,ACC0000252,2022-10-02,15:20:25,7800,17800.12,"""Transaction processed for online purchase."""
353,ACC0000253,CREDIT,ACC0000253,ACC00005,2023-02-15,16:12:40,9200,19200.12,"""Payment made for digital services."""
354,ACC0000254,CREDIT,ACC0000254,ACC00007,2021-07-18,08:20:22,1500,11500.12,"""Online transaction ID: [ID number]"""
355,ACC0000255,DEBIT,ACC00008,ACC0000255,2022-11-11,09:05:15,6100,16100.12,"""Payment for order #[Order Number]."""
356,ACC0000256,DEBIT,ACC00009,ACC0000256,2023-04-04,10:40:30,4800,14800.12,"""Payment confirmation for online booking."""
357,ACC0000257,CREDIT,ACC0000257,ACC000013,2022-08-26,11:15:18,2900,12900.12,"""Online bill payment processed."""
358,ACC0000258,CREDIT,ACC0000258,ACC000015,2023-01-09,12:00:22,8000,18000.12,"""Thank you for shopping with us online!"""
359,ACC0000259,CREDIT,ACC0000259,ACC000017,2022-06-12,13:25:12,3600,13600.12,"""E-receipt for online transaction available in your account."""
360,ACC0000260,CREDIT,ACC0000260,ACC000019,2022-10-05,14:55:45,7000,17000.12,"""Transaction complete for online subscription."""
361,ACC0000261,CREDIT,ACC0000261,ACC000021,2019-03-01,15:50:20,4560,14560.12,"""Successful online payment, thank you!"""
362,ACC0000262,DEBIT,ACC000022,ACC0000262,2022-07-04,16:35:28,8970,18970.12,"""Transaction processed for online purchase."""
363,ACC0000263,DEBIT,ACC000033,ACC0000263,2018-11-27,08:50:50,2340,102340.61,"""Payment made for digital services."""
364,ACC0000264,DEBIT,ACC000024,ACC0000264,2023-04-20,09:35:55,6780,106780.61,"""Online transaction ID: [ID number]"""
365,ACC0000265,CREDIT,ACC0000265,ACC000029,2022-09-13,10:00:40,5430,105430.61,"""Successful online payment, thank you!"""
366,ACC0000266,CREDIT,ACC0000266,ACC000035,2021-02-06,11:10:22,9870,109870.61,"""Transaction processed for online purchase."""
367,ACC0000267,CREDIT,ACC0000267,ACC000033,2022-06-19,12:25:15,3240,103240.61,"""Payment made for digital services."""
368,ACC0000268,CREDIT,ACC0000268,ACC000035,2022-11-12,13:40:30,7890,107890.61,"""Online transaction ID: [ID number]"""
369,ACC0000269,DEBIT,ACC0000301,ACC0000269,2020-05-05,14:50:18,1650,101650.61,"""Payment for order #[Order Number]."""
370,ACC0000270,DEBIT,ACC0000317,ACC0000270,2022-09-18,15:40:25,8200,108200.61,"""Payment confirmation for online booking."""
371,ACC0000271,CREDIT,ACC0000271,ACC000041,2023-02-02,16:30:55,5100,105100.61,"""Online bill payment processed."""
372,ACC0000272,CREDIT,ACC0000272,ACC000043,2022-06-27,08:40:10,3780,13780,"""Thank you for shopping with us online!"""
373,ACC0000273,CREDIT,ACC0000273,ACC000045,2019-11-20,09:12:40,6300,16300,"""E-receipt for online transaction available in your account."""
374,ACC0000274,CREDIT,ACC0000274,ACC000047,2023-04-13,10:05:55,9450,19450,"""Transaction complete for online subscription."""
375,ACC0000275,CREDIT,ACC0000275,ACC0000419,2022-08-18,11:30:30,2910,12910,"""Successful online payment, thank you!"""
376,ACC0000276,DEBIT,ACC000050,ACC0000276,2023-01-02,12:20:18,7560,17560,"""Transaction processed for online purchase."""
377,ACC0000277,DEBIT,ACC0000151,ACC0000277,2020-05-23,13:25:25,4870,14870,"""Payment made for digital services."""
378,ACC0000278,DEBIT,ACC000052,ACC0000278,2022-10-16,14:00:50,2190,3190.23,"""Online transaction ID: [ID number]"""
379,ACC0000279,DEBIT,ACC0000153,ACC0000279,2023-03-09,15:35:22,6960,7960.23,"""Payment for order #[Order Number]."""
380,ACC0000280,CREDIT,ACC0000280,ACC000059,2021-07-02,16:55:15,4320,5320.23,"""Payment confirmation for online booking."""
381,ACC0000281,CREDIT,ACC0000281,ACC000061,2022-11-25,08:55:28,5600,6600.23,"""Online bill payment processed."""
382,ACC0000282,CREDIT,ACC0000282,ACC000063,2023-04-18,09:40:45,2340,3340.23,"""Thank you for shopping with us online!"""
383,ACC0000283,CREDIT,ACC0000283,ACC000065,2020-09-11,10:15:20,7890,8890.23,"""E-receipt for online transaction available in your account."""
384,ACC0000284,DEBIT,ACC000066,ACC0000284,2023-02-04,11:25:12,1200,11200,"""Transaction complete for online subscription."""
385,ACC0000285,CREDIT,ACC0000285,ACC000069,2019-06-17,12:10:30,9870,19870,"""Successful online payment, thank you!"""
386,ACC0000286,CREDIT,ACC0000286,ACC000071,2022-11-10,13:45:18,3450,13450,"""Transaction processed for online purchase."""
387,ACC0000287,CREDIT,ACC0000287,ACC000073,2018-05-03,14:30:55,6700,16700,"""Payment made for digital services."""
388,ACC0000288,CREDIT,ACC0000288,ACC000075,2022-09-26,15:20:25,8500,18500,"""Online transaction ID: [ID number]"""
389,ACC0000289,CREDIT,ACC0000289,ACC000077,2023-02-19,16:12:40,4320,14320,"""Successful online payment, thank you!"""
390,ACC0000290,DEBIT,ACC000078,ACC0000290,2020-07-12,08:20:22,5670,15670,"""Transaction processed for online purchase."""
391,ACC0000291,CREDIT,ACC0000291,ACC000081,2022-12-05,09:05:15,3000,13000,"""Payment made for digital services."""
392,ACC0000292,DEBIT,ACC000382,ACC0000292,2023-04-28,10:40:30,7800,17800,"""Online transaction ID: [ID number]"""
393,ACC0000293,CREDIT,ACC0000293,ACC000085,2021-08-31,11:15:18,9200,19200,"""Payment for order #[Order Number]."""
394,ACC0000294,CREDIT,ACC0000294,ACC000087,2023-01-16,12:00:22,1500,101500.69,"""Payment confirmation for online booking."""
395,ACC0000295,CREDIT,ACC0000295,ACC000089,2022-06-21,13:25:12,6100,106100.69,"""Online bill payment processed."""
396,ACC0000296,CREDIT,ACC0000296,ACC000091,2020-11-14,14:55:45,4800,104800.69,"""Thank you for shopping with us online!"""
397,ACC0000297,CREDIT,ACC0000297,ACC000093,2023-05-07,15:50:20,2900,102900.69,"""E-receipt for online transaction available in your account."""
398,ACC0000298,CREDIT,ACC0000298,ACC000095,2022-10-10,16:35:28,8000,108000.69,"""Transaction complete for online subscription."""
399,ACC0000299,DEBIT,ACC00006,ACC0000299,2020-02-25,08:50:50,3600,103600.69,"""Successful online payment, thank you!"""
400,ACC0000300,DEBIT,ACC00007,ACC0000300,2022-07-06,09:35:55,7000,107000.69,"""Transaction processed for online purchase."""
401,ACC0000301,CREDIT,ACC0000301,ACC0000101,2022-11-27,10:00:40,5600,105600.69,"""Payment made for digital services."""
402,ACC0000302,CREDIT,ACC0000302,ACC0000103,2022-05-20,11:10:22,2340,102340.69,"""Online transaction ID: [ID number]"""
403,ACC0000303,NULL,NULL,NULL,NULL,NULL,NULL,1000,"""INACTIVE ACCOUNT"""
404,ACC0000304,CREDIT,ACC0000304,ACC0000107,2023-02-02,13:40:30,1200,101200.69,"""Payment confirmation for online booking."""
405,ACC0000305,CREDIT,ACC0000305,ACC0000109,2022-06-23,14:50:18,9870,109870.69,"""Online bill payment processed."""
406,ACC0000306,CREDIT,ACC0000306,ACC0000111,2021-11-16,15:40:25,3450,103450.69,"""Thank you for shopping with us online!"""
407,ACC0000307,DEBIT,ACC0000152,ACC0000307,2023-04-07,16:30:55,6700,16700,"""E-receipt for online transaction available in your account."""
408,ACC0000308,CREDIT,ACC0000308,ACC0000115,2020-08-18,08:40:10,8500,18500,"""Transaction complete for online subscription."""
409,ACC0000309,CREDIT,ACC0000309,ACC0000117,2023-01-31,09:12:40,4320,14320,"""Successful online payment, thank you!"""
410,ACC0000310,DEBIT,ACC0000318,ACC0000310,2022-07-05,10:05:55,5670,15670,"""Transaction processed for online purchase."""
411,ACC0000311,DEBIT,ACC0000419,ACC0000311,2022-11-28,11:30:30,3000,13000,"""Payment made for digital services."""
412,ACC0000312,CREDIT,ACC0000312,ACC0000123,2019-04-21,12:20:18,7800,17800,"""Online transaction ID: [ID number]"""
413,ACC0000313,CREDIT,ACC0000313,ACC0000125,2022-09-14,13:25:25,9200,19200,"""Successful online payment, thank you!"""
414,ACC0000314,CREDIT,ACC0000314,ACC0000127,2023-02-07,14:00:50,1500,11500,"""Transaction processed for online purchase."""
415,ACC0000315,CREDIT,ACC0000315,ACC0000129,2018-06-10,15:35:22,6100,16100,"""Payment made for digital services."""
416,ACC0000316,CREDIT,ACC0000316,ACC0000131,2022-10-03,16:55:15,4800,14800,"""Online transaction ID: [ID number]"""
417,ACC0000317,CREDIT,ACC0000317,ACC0000133,2023-03-26,08:55:28,2900,12900,"""Payment for order #[Order Number]."""
418,ACC0000318,CREDIT,ACC0000318,ACC0000135,2020-07-19,09:40:45,8000,18000,"""Payment confirmation for online booking."""
419,ACC0000319,CREDIT,ACC0000319,ACC0000137,2022-12-12,10:15:20,3600,18600.23,"""Online bill payment processed."""
420,ACC0000320,CREDIT,ACC0000320,ACC0000139,2023-05-05,11:25:12,7000,22000.23,"""Thank you for shopping with us online!"""
421,ACC0000321,DEBIT,ACC0000140,ACC0000321,2022-09-26,12:10:30,4560,19560.23,"""E-receipt for online transaction available in your account."""
422,ACC0000322,DEBIT,ACC0000241,ACC0000322,2020-02-19,13:45:18,8970,23970.23,"""Transaction complete for online subscription."""
423,ACC0000323,DEBIT,ACC0000142,ACC0000323,2022-06-22,14:30:55,2340,17340.23,"""Successful online payment, thank you!"""
424,ACC0000324,CREDIT,ACC0000324,ACC0000147,2022-11-15,15:20:25,6780,21780.23,"""Transaction processed for online purchase."""
425,ACC0000325,CREDIT,ACC0000325,ACC0000149,2023-04-08,16:12:40,5430,20430.23,"""Payment made for digital services."""
426,ACC0000326,CREDIT,ACC0000326,ACC0000151,2022-08-29,08:20:22,9870,24870.23,"""Online transaction ID: [ID number]"""
427,ACC0000327,CREDIT,ACC0000327,ACC0000153,2020-02-12,09:05:15,3240,18240.23,"""Payment for order #[Order Number]."""
428,ACC0000328,CREDIT,ACC0000328,ACC0000151,2022-07-03,10:40:30,7890,22890.23,"""Payment confirmation for online booking."""
429,ACC0000329,CREDIT,ACC0000329,ACC0000157,2022-11-26,11:15:18,1650,16650.23,"""Online bill payment processed."""
430,ACC0000330,DEBIT,ACC000058,ACC0000330,2023-04-19,12:00:22,8200,23200.23,"""Thank you for shopping with us online!"""
431,ACC0000331,DEBIT,ACC000019,ACC0000331,2021-09-12,13:25:12,5100,20100.23,"""E-receipt for online transaction available in your account."""
432,ACC0000332,CREDIT,ACC0000332,ACC0000163,2023-02-05,14:55:45,3780,18780.23,"""Transaction complete for online subscription."""
433,ACC0000333,CREDIT,ACC0000333,ACC0000165,2022-06-18,15:50:20,6300,21300.23,"""Successful online payment, thank you!"""
434,ACC0000334,CREDIT,ACC0000334,ACC0000167,2022-11-11,16:35:28,9450,24450.23,"""Transaction processed for online purchase."""
435,ACC0000335,CREDIT,ACC0000335,ACC0000169,2023-05-02,08:50:50,2910,17910.23,"""Payment made for digital services."""
436,ACC0000336,CREDIT,ACC0000336,ACC0000171,2020-09-25,09:35:55,7560,22560.23,"""Online transaction ID: [ID number]"""
437,ACC0000337,CREDIT,ACC0000337,ACC0000173,2023-02-18,10:00:40,4870,30870.565,"""Successful online payment, thank you!"""
438,ACC0000338,DEBIT,ACC00004,ACC0000338,2022-07-11,11:10:22,2190,28190.565,"""Transaction processed for online purchase."""
439,ACC0000339,DEBIT,ACC00005,ACC0000339,2022-12-04,12:25:15,6960,32960.565,"""Payment made for digital services."""
440,ACC0000340,CREDIT,ACC0000340,ACC0000179,2019-04-27,13:40:30,4320,30320.565,"""Online transaction ID: [ID number]"""
441,ACC0000341,CREDIT,ACC0000341,ACC0000181,2022-08-20,14:50:18,5600,31600.565,"""Payment for order #[Order Number]."""
442,ACC0000342,CREDIT,ACC0000342,ACC0000183,2023-02-01,15:40:25,2340,28340.565,"""Payment confirmation for online booking."""
443,ACC0000343,CREDIT,ACC0000343,ACC0000185,2022-06-11,16:30:55,7890,33890.565,"""Online bill payment processed."""
444,ACC0000344,DEBIT,ACC000086,ACC0000344,2022-10-04,08:40:10,1200,27200.565,"""Thank you for shopping with us online!"""
445,ACC0000345,CREDIT,ACC0000345,ACC0000189,2023-03-29,09:12:40,9870,35870.565,"""E-receipt for online transaction available in your account."""
446,ACC0000346,CREDIT,ACC0000346,ACC0000191,2022-07-12,10:05:55,3450,29450.565,"""Transaction complete for online subscription."""
447,ACC0000347,CREDIT,ACC0000347,ACC0000193,2018-11-05,11:30:30,6700,32700.565,"""Successful online payment, thank you!"""
448,ACC0000348,CREDIT,ACC0000348,ACC0000195,2023-04-26,12:20:18,8500,34500.565,"""Transaction processed for online purchase."""
449,ACC0000349,CREDIT,ACC0000349,ACC0000197,2022-09-19,13:25:25,4320,30320.565,"""Payment made for digital services."""
450,ACC0000350,CREDIT,ACC0000350,ACC0000199,2023-02-13,14:00:50,5670,31670.565,"""Online transaction ID: [ID number]"""
451,ACC0000351,CREDIT,ACC0000351,ACC0000201,2018-06-23,15:35:22,3000,29000.565,"""Payment for order #[Order Number]."""
452,ACC0000352,CREDIT,ACC0000352,ACC0000203,2022-11-16,16:55:15,7800,33800.565,"""Payment confirmation for online booking."""
453,ACC0000353,CREDIT,ACC0000353,ACC0000205,2023-05-09,08:55:28,9200,35200.565,"""Online bill payment processed."""
454,ACC0000354,DEBIT,ACC0000266,ACC0000354,2022-10-02,09:40:45,1500,27500.565,"""Thank you for shopping with us online!"""
455,ACC0000355,CREDIT,ACC0000355,ACC0000209,2023-02-25,10:15:20,6100,32100.565,"""E-receipt for online transaction available in your account."""
456,ACC0000356,CREDIT,ACC0000356,ACC0000211,2020-07-06,11:25:12,4800,30800.565,"""Transaction complete for online subscription."""
457,ACC0000357,CREDIT,ACC0000357,ACC0000213,2022-11-29,12:10:30,2900,28900.565,"""Successful online payment, thank you!"""
458,ACC0000358,DEBIT,ACC0000204,ACC0000358,2023-04-20,13:45:18,8000,34000.565,"""Transaction processed for online purchase."""
459,ACC0000359,CREDIT,ACC0000359,ACC0000217,2022-09-13,14:30:55,3600,29600.565,"""Payment made for digital services."""
460,ACC0000360,CREDIT,ACC0000360,ACC0000219,2023-02-06,15:20:25,7000,62000.78,"""Online transaction ID: [ID number]"""
461,ACC0000361,CREDIT,ACC0000361,ACC0000221,2021-06-20,16:12:40,4560,59560.78,"""Successful online payment, thank you!"""
462,ACC0000362,CREDIT,ACC0000362,ACC0000223,2022-11-13,08:20:22,8970,63970.78,"""Transaction processed for online purchase."""
463,ACC0000363,DEBIT,ACC000024,ACC0000363,2023-05-06,09:05:15,2340,57340.78,"""Payment made for digital services."""
464,ACC0000364,CREDIT,ACC0000364,ACC0000227,2022-10-09,10:40:30,6780,61780.78,"""Online transaction ID: [ID number]"""
465,ACC0000365,CREDIT,ACC0000365,ACC0000229,2022-02-02,11:15:18,5430,60430.78,"""Payment for order #[Order Number]."""
466,ACC0000366,CREDIT,ACC0000366,ACC0000231,2022-07-07,12:00:22,9870,64870.78,"""Payment confirmation for online booking."""
467,ACC0000367,CREDIT,ACC0000367,ACC0000233,2022-11-30,13:25:12,3240,58240.78,"""Online bill payment processed."""
468,ACC0000368,CREDIT,ACC0000368,ACC0000235,2023-04-21,14:55:45,7890,62890.78,"""Thank you for shopping with us online!"""
469,ACC0000369,CREDIT,ACC0000369,ACC0000237,2020-09-14,15:50:20,1650,56650.78,"""E-receipt for online transaction available in your account."""
470,ACC0000370,CREDIT,ACC0000370,ACC0000239,2023-02-07,16:35:28,8200,63200.78,"""Transaction complete for online subscription."""
471,ACC0000371,CREDIT,ACC0000371,ACC0000241,2022-06-12,08:50:50,5100,60100.78,"""Successful online payment, thank you!"""
472,ACC0000372,DEBIT,ACC000042,ACC0000372,2019-11-05,09:35:55,3780,58780.78,"""Transaction processed for online purchase."""
473,ACC0000373,DEBIT,ACC00003,ACC0000373,2023-04-28,10:00:40,6300,61300.78,"""Payment made for digital services."""
474,ACC0000374,CREDIT,ACC0000374,ACC0000247,2022-08-31,11:10:22,9450,64450.78,"""Online transaction ID: [ID number]"""
475,ACC0000375,CREDIT,ACC0000375,ACC0000249,2023-02-14,12:25:15,2910,57910.78,"""Payment for order #[Order Number]."""
476,ACC0000376,CREDIT,ACC0000376,ACC0000251,2022-07-04,13:40:30,7560,62560.78,"""Payment confirmation for online booking."""
477,ACC0000377,CREDIT,ACC0000377,ACC0000253,2019-11-27,14:50:18,4870,59870.78,"""Online bill payment processed."""
478,ACC0000378,CREDIT,ACC0000378,ACC0000255,2023-04-18,15:40:25,2190,57190.78,"""Thank you for shopping with us online!"""
479,ACC0000379,DEBIT,ACC000056,ACC0000379,2022-09-11,16:30:55,6960,61960.78,"""E-receipt for online transaction available in your account."""
480,ACC0000380,CREDIT,ACC0000380,ACC0000259,2023-02-04,08:40:10,4320,59320.78,"""Transaction complete for online subscription."""
481,ACC0000381,CREDIT,ACC0000381,ACC0000261,2018-06-17,09:12:40,5600,60600.78,"""Successful online payment, thank you!"""
482,ACC0000382,DEBIT,ACC00006,ACC0000382,2022-11-10,10:05:55,2340,57340.78,"""Transaction processed for online purchase."""
483,ACC0000383,CREDIT,ACC0000383,ACC0000265,2023-05-03,11:30:30,7890,62890.78,"""Payment made for digital services."""
484,ACC0000384,CREDIT,ACC0000384,ACC0000267,2022-09-26,12:20:18,1200,56200.78,"""Online transaction ID: [ID number]"""
485,ACC0000385,CREDIT,ACC0000385,ACC0000269,2023-02-19,13:25:25,9870,64870.78,"""Successful online payment, thank you!"""
486,ACC0000386,CREDIT,ACC0000386,ACC0000271,2018-07-12,14:00:50,3450,58450.78,"""Transaction processed for online purchase."""
487,ACC0000387,DEBIT,ACC0000272,ACC0000387,2022-12-05,15:35:22,6700,61700.78,"""Payment made for digital services."""
488,ACC0000388,CREDIT,ACC0000388,ACC0000275,2023-04-30,16:55:15,8500,63500.78,"""Online transaction ID: [ID number]"""
489,ACC0000389,CREDIT,ACC0000389,ACC0000277,2022-08-25,08:55:28,4320,59320.78,"""Payment for order #[Order Number]."""
490,ACC0000390,CREDIT,ACC0000390,ACC0000279,2022-02-10,09:40:45,5670,60670.78,"""Payment confirmation for online booking."""
491,ACC0000391,CREDIT,ACC0000391,ACC0000281,2022-06-15,10:15:20,3000,58000.78,"""Online bill payment processed."""
492,ACC0000392,DEBIT,ACC000082,ACC0000392,2022-10-08,11:25:12,7800,62800.78,"""Thank you for shopping with us online!"""
493,ACC0000393,CREDIT,ACC0000393,ACC0000285,2023-03-01,12:10:30,9200,64200.78,"""E-receipt for online transaction available in your account."""
494,ACC0000394,CREDIT,ACC0000394,ACC0000287,2020-07-02,13:45:18,1500,56500.78,"""Transaction complete for online subscription."""
495,ACC0000395,CREDIT,ACC0000395,ACC0000289,2022-11-25,14:30:55,6100,61100.78,"""Successful online payment, thank you!"""
496,ACC0000396,CREDIT,ACC0000396,ACC0000291,2023-04-18,15:20:25,4800,59800.78,"""Transaction processed for online purchase."""
497,ACC0000397,CREDIT,ACC0000397,ACC0000293,2022-09-11,16:12:40,2900,57900.78,"""Payment made for digital services."""
498,ACC0000398,CREDIT,ACC0000398,ACC0000295,2021-02-04,08:20:22,8000,63000.78,"""Online transaction ID: [ID number]"""
499,ACC0000399,CREDIT,ACC0000399,ACC0000297,2022-06-17,09:05:15,3600,58600.78,"""Payment for order #[Order Number]."""
500,ACC0000400,DEBIT,ACC000098,ACC0000400,2022-11-10,10:40:30,7000,62000.78,"""Payment confirmation for online booking."""
501,ACC0000401,CREDIT,ACC0000401,ACC0000301,2018-04-14,11:15:18,4560,59560.78,"""Online bill payment processed."""
502,ACC0000402,CREDIT,ACC0000402,ACC0000307,2022-09-28,12:00:22,8970,63970.78,"""Thank you for shopping with us online!"""
503,ACC0000403,DEBIT,ACC0000368,ACC0000403,2023-02-12,13:25:12,2340,57340.78,"""E-receipt for online transaction available in your account."""
504,ACC0000404,CREDIT,ACC0000404,ACC00007,2022-06-18,14:55:45,6780,61780.78,"""Transaction complete for online subscription."""
505,ACC0000405,CREDIT,ACC0000405,ACC000039,2019-11-11,15:50:20,5430,60430.78,"""Successful online payment, thank you!"""
506,ACC0000406,NULL,NULL,NULL,NULL,NULL,NULL,1000,"""INACTIVE ACCOUNT"""
507,ACC0000407,CREDIT,ACC0000407,ACC0000313,2022-08-24,08:50:50,3240,13240,"""Payment made for digital services."""
508,ACC0000408,CREDIT,ACC0000408,ACC0000315,2020-02-09,09:35:55,7890,17890,"""Online transaction ID: [ID number]"""
509,ACC0000409,CREDIT,ACC0000409,ACC0000317,2022-06-15,10:00:40,1650,11650,"""Successful online payment, thank you!"""
510,ACC0000410,CREDIT,ACC0000410,ACC0000319,2022-10-08,11:10:22,8200,18200,"""Transaction processed for online purchase."""
511,ACC0000411,DEBIT,ACC000020,ACC0000411,2023-03-01,12:25:15,5100,15100,"""Payment made for digital services."""
512,ACC0000412,CREDIT,ACC0000412,ACC0000323,2022-07-04,13:40:30,3780,13780,"""Online transaction ID: [ID number]"""
513,ACC0000413,CREDIT,ACC0000413,ACC0000325,2020-11-27,14:50:18,6300,16300,"""Payment for order #[Order Number]."""
514,ACC0000414,CREDIT,ACC0000414,ACC0000327,2023-04-20,15:40:25,9450,19450,"""Payment confirmation for online booking."""
515,ACC0000415,CREDIT,ACC0000415,ACC0000329,2022-09-13,16:30:55,2910,12910,"""Online bill payment processed."""
516,ACC0000416,DEBIT,ACC0000130,ACC0000416,2021-02-06,08:40:10,7560,17560,"""Thank you for shopping with us online!"""
517,ACC0000417,CREDIT,ACC0000417,ACC0000333,2022-06-19,09:12:40,4870,14870,"""E-receipt for online transaction available in your account."""
518,ACC0000418,CREDIT,ACC0000418,ACC0000335,2022-11-12,10:05:55,2190,12190,"""Transaction complete for online subscription."""
519,ACC0000419,CREDIT,ACC0000419,ACC0000337,2020-05-05,11:30:30,6960,16960,"""Successful online payment, thank you!"""
520,ACC0000420,CREDIT,ACC0000420,ACC0000339,2022-09-26,12:20:18,4320,14320,"""Transaction processed for online purchase."""
521,ACC0000421,CREDIT,ACC0000421,ACC0000341,2019-02-19,13:25:25,5600,15600,"""Payment made for digital services."""
522,ACC0000422,CREDIT,ACC0000422,ACC0000343,2022-07-12,14:00:50,2340,12340,"""Online transaction ID: [ID number]"""
523,ACC0000423,CREDIT,ACC0000423,ACC0000345,2022-12-05,15:35:22,7890,42890.99,"""Payment for order #[Order Number]."""
524,ACC0000424,DEBIT,ACC000046,ACC0000424,2023-04-30,16:55:15,1200,36200.99,"""Payment confirmation for online booking."""
525,ACC0000425,DEBIT,ACC0000147,ACC0000425,2022-08-31,08:55:28,9870,44870.99,"""Online bill payment processed."""
526,ACC0000426,DEBIT,ACC0000248,ACC0000426,2018-02-14,09:40:45,3450,38450.99,"""Thank you for shopping with us online!"""
527,ACC0000427,CREDIT,ACC0000427,ACC0000353,2022-07-07,10:15:20,6700,41700.99,"""E-receipt for online transaction available in your account."""
528,ACC0000428,CREDIT,ACC0000428,ACC0000355,2022-11-30,11:25:12,8500,43500.99,"""Transaction complete for online subscription."""
529,ACC0000429,CREDIT,ACC0000429,ACC0000357,2018-04-21,12:10:30,4320,39320.99,"""Successful online payment, thank you!"""
530,ACC0000430,CREDIT,ACC0000430,ACC0000359,2022-09-14,13:45:18,5670,40670.99,"""Transaction processed for online purchase."""
531,ACC0000431,CREDIT,ACC0000431,ACC0000361,2023-02-07,14:30:55,3000,38000.99,"""Payment made for digital services."""
532,ACC0000432,DEBIT,ACC000062,ACC0000432,2022-06-12,15:20:25,7800,42800.99,"""Online transaction ID: [ID number]"""
533,ACC0000433,CREDIT,ACC0000433,ACC0000365,2020-11-05,16:12:40,9200,44200.99,"""Successful online payment, thank you!"""
534,ACC0000434,CREDIT,ACC0000434,ACC0000367,2023-04-26,08:20:22,1500,36500.99,"""Transaction processed for online purchase."""
535,ACC0000435,CREDIT,ACC0000435,ACC0000369,2022-09-19,09:05:15,6100,41100.99,"""Payment made for digital services."""
536,ACC0000436,DEBIT,ACC000030,ACC0000436,2023-02-13,10:40:30,4800,39800.99,"""Online transaction ID: [ID number]"""
537,ACC0000437,DEBIT,ACC0000307,ACC0000437,2021-06-23,11:15:18,2900,37900.99,"""Payment for order #[Order Number]."""
538,ACC0000438,CREDIT,ACC0000438,ACC0000375,2022-11-16,12:00:22,8000,43000.99,"""Payment confirmation for online booking."""
539,ACC0000439,CREDIT,ACC0000439,ACC0000377,2023-05-09,13:25:12,3600,38600.99,"""Online bill payment processed."""
540,ACC0000440,CREDIT,ACC0000440,ACC0000379,2022-10-02,14:55:45,7000,42000.99,"""Thank you for shopping with us online!"""
541,ACC0000441,CREDIT,ACC0000441,ACC0000381,2020-02-25,15:50:20,4560,39560.99,"""E-receipt for online transaction available in your account."""
542,ACC0000442,DEBIT,ACC0000382,ACC0000442,2022-07-06,16:35:28,8970,43970.99,"""Transaction complete for online subscription."""
543,ACC0000443,CREDIT,ACC0000443,ACC0000385,2022-11-29,08:50:50,2340,37340.99,"""Successful online payment, thank you!"""
544,ACC0000444,CREDIT,ACC0000444,ACC0000387,2023-04-20,09:35:55,6780,41780.99,"""Transaction processed for online purchase."""
545,ACC0000445,CREDIT,ACC0000445,ACC0000389,2022-09-13,10:00:40,5430,40430.99,"""Payment made for digital services."""
546,ACC0000446,CREDIT,ACC0000446,ACC0000391,2023-02-06,11:10:22,9870,44870.99,"""Online transaction ID: [ID number]"""
547,ACC0000447,CREDIT,ACC0000447,ACC0000393,2020-06-20,12:25:15,3240,38240.99,"""Payment for order #[Order Number]."""
548,ACC0000448,DEBIT,ACC0000194,ACC0000448,2022-11-13,13:40:30,7890,42890.99,"""Payment confirmation for online booking."""
549,ACC0000449,DEBIT,ACC000095,ACC0000449,2023-05-06,14:50:18,1650,36650.99,"""Online bill payment processed."""
550,ACC0000450,CREDIT,ACC0000450,ACC0000399,2022-10-09,15:40:25,8200,43200.99,"""Thank you for shopping with us online!"""
551,ACC0000451,CREDIT,ACC0000451,ACC0000401,2021-02-02,16:30:55,5100,40100.99,"""E-receipt for online transaction available in your account."""
552,ACC0000452,CREDIT,ACC0000452,ACC0000403,2022-07-07,08:40:10,3780,38780.99,"""Transaction complete for online subscription."""
553,ACC0000453,CREDIT,ACC0000453,ACC0000405,2022-11-30,09:12:40,6300,41300.99,"""Successful online payment, thank you!"""
554,ACC0000454,CREDIT,ACC0000454,ACC0000407,2023-04-21,10:05:55,9450,44450.99,"""Transaction processed for online purchase."""
555,ACC0000455,DEBIT,ACC00008,ACC0000455,2020-09-14,11:30:30,2910,37910.99,"""Payment made for digital services."""
556,ACC0000456,CREDIT,ACC0000456,ACC0000411,2023-02-07,12:20:18,7560,42560.99,"""Online transaction ID: [ID number]"""
557,ACC0000457,CREDIT,ACC0000457,ACC0000413,2022-06-12,13:25:25,4870,39870.99,"""Successful online payment, thank you!"""
558,ACC0000458,CREDIT,ACC0000458,ACC0000415,2022-11-05,14:00:50,2190,37190.99,"""Transaction processed for online purchase."""
559,ACC0000459,CREDIT,ACC0000459,ACC0000417,2020-04-28,15:35:22,6960,41960.99,"""Payment made for digital services."""
560,ACC0000460,CREDIT,ACC0000460,ACC0000419,2022-08-31,16:55:15,4320,39320.99,"""Online transaction ID: [ID number]"""
561,ACC0000461,DEBIT,ACC000020,ACC0000461,2023-02-14,08:55:28,5600,40600.99,"""Payment for order #[Order Number]."""
562,ACC0000462,DEBIT,ACC000021,ACC0000462,2022-07-04,09:40:45,2340,37340.99,"""Payment confirmation for online booking."""
563,ACC0000463,CREDIT,ACC0000463,ACC0000425,2021-11-27,10:15:20,7890,42890.99,"""Online bill payment processed."""
564,ACC0000464,CREDIT,ACC0000464,ACC0000427,2023-04-18,11:25:12,1200,36200.99,"""Thank you for shopping with us online!"""
565,ACC0000465,CREDIT,ACC0000465,ACC0000429,2022-09-11,12:10:30,9870,44870.99,"""E-receipt for online transaction available in your account."""
566,ACC0000466,CREDIT,ACC0000466,ACC0000431,2023-02-04,13:45:18,3450,38450.99,"""Transaction complete for online subscription."""
567,ACC0000467,CREDIT,ACC0000467,ACC0000433,2021-06-17,14:30:55,6700,41700.99,"""Successful online payment, thank you!"""
568,ACC0000468,DEBIT,ACC000034,ACC0000468,2022-11-10,15:20:25,8500,43500.99,"""Transaction processed for online purchase."""
569,ACC0000469,DEBIT,ACC0000135,ACC0000469,2023-05-03,16:12:40,4320,39320.99,"""Payment made for digital services."""
570,ACC0000470,CREDIT,ACC0000470,ACC0000439,2019-09-26,08:20:22,5670,40670.99,"""Online transaction ID: [ID number]"""
571,ACC0000471,CREDIT,ACC0000471,ACC0000441,2023-02-19,09:05:15,3000,38000.99,"""Payment for order #[Order Number]."""
572,ACC0000472,CREDIT,ACC0000472,ACC0000443,2022-07-12,10:40:30,7800,42800.99,"""Payment confirmation for online booking."""
573,ACC0000473,CREDIT,ACC0000473,ACC0000445,2022-12-05,11:15:18,9200,44200.99,"""Online bill payment processed."""
574,ACC0000474,CREDIT,ACC0000474,ACC0000447,2021-04-30,12:00:22,1500,36500.99,"""Thank you for shopping with us online!"""
575,ACC0000475,DEBIT,ACC000048,ACC0000475,2022-08-25,13:25:12,6100,41100.99,"""E-receipt for online transaction available in your account."""
576,ACC0000476,CREDIT,ACC0000476,ACC0000451,2023-02-10,14:55:45,4800,39800.99,"""Transaction complete for online subscription."""
577,ACC0000477,CREDIT,ACC0000477,ACC0000453,2022-06-15,15:50:20,2900,37900.99,"""Successful online payment, thank you!"""
578,ACC0000478,DEBIT,ACC0000234,ACC0000478,2020-10-08,16:35:28,8000,43000.99,"""Transaction processed for online purchase."""
579,ACC0000479,CREDIT,ACC0000479,ACC0000457,2023-03-01,08:50:50,3600,38600.99,"""Payment made for digital services."""
580,ACC0000480,DEBIT,ACC0000438,ACC0000480,2022-07-02,09:35:55,7000,42000.99,"""Online transaction ID: [ID number]"""
581,ACC0000481,CREDIT,ACC0000481,ACC0000461,2019-11-25,10:00:40,4560,39560.99,"""Successful online payment, thank you!"""
582,ACC0000482,CREDIT,ACC0000482,ACC0000463,2023-04-18,11:10:22,8970,43970.99,"""Transaction processed for online purchase."""
583,ACC0000483,CREDIT,ACC0000483,ACC0000465,2022-09-11,12:25:15,2340,37340.99,"""Payment made for digital services."""
584,ACC0000484,CREDIT,ACC0000484,ACC0000467,2023-02-04,13:40:30,6780,41780.99,"""Online transaction ID: [ID number]"""
585,ACC0000485,CREDIT,ACC0000485,ACC0000469,2018-06-17,14:50:18,5430,40430.99,"""Payment for order #[Order Number]."""
586,ACC0000486,CREDIT,ACC0000486,ACC0000471,2022-11-10,15:40:25,9870,44870.99,"""Payment confirmation for online booking."""
587,ACC0000487,CREDIT,ACC0000487,ACC0000473,2023-05-03,16:30:55,3240,38240.99,"""Online bill payment processed."""
588,ACC0000488,DEBIT,ACC0000174,ACC0000488,2022-09-26,08:40:10,7890,17890,"""Thank you for shopping with us online!"""
589,ACC0000489,CREDIT,ACC0000489,ACC0000477,2023-02-19,09:12:40,1650,11650,"""E-receipt for online transaction available in your account."""
590,ACC0000490,CREDIT,ACC0000490,ACC0000479,2020-07-12,10:05:55,8200,18200,"""Transaction complete for online subscription."""
591,ACC0000491,CREDIT,ACC0000491,ACC0000481,2022-12-05,11:30:30,5100,15100,"""Successful online payment, thank you!"""
592,ACC0000492,CREDIT,ACC0000492,ACC0000483,2023-04-30,12:20:18,3780,13780,"""Transaction processed for online purchase."""
593,ACC0000493,CREDIT,ACC0000493,ACC0000485,2022-08-25,13:25:25,6300,16300,"""Payment made for digital services."""
594,ACC0000494,DEBIT,ACC0000286,ACC0000494,2023-02-10,14:00:50,9450,19450,"""Online transaction ID: [ID number]"""
595,ACC0000495,CREDIT,ACC0000495,ACC0000489,2021-06-15,15:35:22,2910,12910,"""Payment for order #[Order Number]."""
596,ACC0000496,CREDIT,ACC0000496,ACC0000491,2022-10-08,16:55:15,7560,17560,"""Payment confirmation for online booking."""
597,ACC0000497,CREDIT,ACC0000497,ACC0000493,2023-03-01,08:55:28,4870,14870,"""Online bill payment processed."""
598,ACC0000498,CREDIT,ACC0000498,ACC0000495,2022-07-02,09:40:45,2190,12190,"""Thank you for shopping with us online!"""
599,ACC0000499,CREDIT,ACC0000499,ACC0000497,2022-11-25,10:15:20,6960,16960,"""E-receipt for online transaction available in your account."""
600,ACC0000500,DEBIT,ACC00008,ACC0000500,2019-04-18,11:25:12,4320,14320,"""Transaction complete for online subscription."""
601,ACC00004,CREDIT,ACC00004,ACC00010,2022-09-13,11:05:25,1200,11200,"""Online transaction ID: [ID number]"""
602,ACC000023,CREDIT,ACC000023,ACC00045,2023-02-06,11:30:30,2340,12340,"""Payment made for digital services."""
603,ACC000024,CREDIT,ACC000024,ACC00012,2022-06-20,12:20:18,6780,16780,"""Online transaction ID: [ID number]"""
604,ACC000025,CREDIT,ACC000025,ACC00076,2022-11-13,13:25:25,5430,15430,"""Successful online payment, thank you!"""
605,ACC000026,CREDIT,ACC000026,ACC00034,2023-05-06,14:00:50,9870,19870,"""Transaction processed for online purchase."""
606,ACC000037,CREDIT,ACC000037,ACC00045,2022-10-09,16:12:40,4870,14870,"""Payment made for digital services."""
607,ACC000048,CREDIT,ACC000048,ACC00003,2023-02-02,09:35:55,8500,18500,"""Online transaction ID: [ID number]"""
608,ACC000049,CREDIT,ACC000049,ACC00034,2020-07-07,10:00:40,4320,14320,"""Successful online payment, thank you!"""
609,ACC000050,CREDIT,ACC000050,ACC00025,2022-11-30,11:10:22,5670,15670,"""Transaction processed for online purchase."""
610,ACC000071,CREDIT,ACC000071,ACC00026,2023-04-21,14:30:55,5100,105100.23,"""Payment made for digital services."""
611,ACC000072,CREDIT,ACC000072,ACC00027,2022-09-14,15:20:25,3780,103780.23,"""Online transaction ID: [ID number]"""
612,ACC000073,CREDIT,ACC000073,ACC000203,2023-02-07,16:12:40,6300,106300.23,"""Successful online payment, thank you!"""
613,ACC0000130,CREDIT,ACC0000130,ACC000219,2022-06-12,10:05:55,5670,105670.23,"""Transaction complete for online subscription."""
614,ACC0000131,CREDIT,ACC0000131,ACC000310,2022-11-05,11:30:30,3000,103000.23,"""Successful online payment, thank you!"""
615,ACC0000132,CREDIT,ACC0000132,ACC000361,2020-04-28,12:20:18,7800,107800.23,"""Transaction processed for online purchase."""
616,ACC0000175,CREDIT,ACC0000175,ACC000266,2022-09-19,10:15:20,6100,106100.23,"""Online bill payment processed."""
617,ACC0000176,CREDIT,ACC0000176,ACC000254,2023-02-13,11:25:12,4800,104800.23,"""Thank you for shopping with us online!"""
618,ACC0000243,CREDIT,ACC0000243,ACC000215,2022-06-23,15:35:22,7890,107890.23,"""Payment made for digital services."""
619,ACC0000244,CREDIT,ACC0000244,ACC000286,2021-11-16,16:55:15,1200,101200.23,"""Online transaction ID: [ID number]"""
620,ACC0000245,CREDIT,ACC0000245,ACC000237,2023-05-09,08:55:28,9870,109870.23,"""Payment for order #[Order Number]."""
621,ACC0000321,CREDIT,ACC0000321,ACC000408,2022-10-02,12:10:30,4560,104560.23,"""E-receipt for online transaction available in your account."""
622,ACC0000322,CREDIT,ACC0000322,ACC000449,2023-02-25,13:45:18,8970,108970.23,"""Transaction complete for online subscription."""
623,ACC0000323,CREDIT,ACC0000323,ACC000470,2022-07-06,14:30:55,2340,12340,"""Successful online payment, thank you!"""
624,ACC0000424,CREDIT,ACC0000424,ACC000005,2018-11-29,16:55:15,1200,11200,"""Payment confirmation for online booking."""
625,ACC0000425,CREDIT,ACC0000425,ACC000045,2023-04-20,08:55:28,9870,19870,"""Online bill payment processed."""
626,ACC0000426,CREDIT,ACC0000426,ACC000098,2022-09-13,09:40:45,3450,13450,"""Thank you for shopping with us online!"""
627,ACC0000436,CREDIT,ACC0000436,ACC0000199,2023-02-06,10:40:30,4800,14800,"""Online transaction ID: [ID number]"""
628,ACC0000437,CREDIT,ACC0000437,ACC000210,2022-06-20,11:15:18,2900,12900,"""Payment for order #[Order Number]."""
629,ACC0000436,CREDIT,ACC0000436,ACC000151,2020-11-13,10:40:30,4800,14800,"""Online transaction ID: [ID number]"""
630,ACC0000437,CREDIT,ACC0000437,ACC000172,2023-05-06,11:15:18,2900,12900,"""Payment for order #[Order Number]."""
631,ACC0000448,CREDIT,ACC0000448,ACC000077,2022-10-09,13:40:30,7890,17890,"""Payment confirmation for online booking."""
632,ACC0000449,CREDIT,ACC0000449,ACC000123,2018-02-02,14:50:18,1650,11650,"""Online bill payment processed."""
633,ACC0000494,CREDIT,ACC0000494,ACC000324,2022-07-07,14:00:50,9450,19450,"""Online transaction ID: [ID number]"""
634,ACC0000175,CREDIT,ACC0000175,ACC000325,2022-11-30,10:15:20,6100,16100,"""Online bill payment processed."""
635,ACC0000176,CREDIT,ACC0000176,ACC000326,2023-04-21,11:25:12,4800,14800,"""Thank you for shopping with us online!"""
636,ACC0000210,CREDIT,ACC0000210,ACC000327,2022-09-14,09:40:45,5670,15670,"""Thank you for shopping with us online!"""
637,ACC0000211,CREDIT,ACC0000211,ACC000328,2023-02-07,10:15:20,3000,13000,"""E-receipt for online transaction available in your account."""
638,ACC0000276,CREDIT,ACC0000276,ACC000329,2022-06-12,12:20:18,7560,17560,"""Transaction processed for online purchase."""
639,ACC0000277,CREDIT,ACC0000277,ACC000330,2021-11-05,13:25:25,4870,14870,"""Payment made for digital services."""
640,ACC0000278,CREDIT,ACC0000278,ACC000331,2023-04-28,14:00:50,2190,12190,"""Online transaction ID: [ID number]"""
641,ACC0000279,CREDIT,ACC0000279,ACC000332,2022-09-19,15:35:22,6960,16960,"""Payment for order #[Order Number]."""
642,ACC0000111,CREDIT,ACC0000111,ACC000433,2021-02-13,09:05:15,5100,15100,"""Payment for order #[Order Number]."""
643,ACC0000112,CREDIT,ACC0000112,ACC000484,2022-06-23,10:40:30,3780,13780,"""Payment confirmation for online booking."""
644,ACC0000113,CREDIT,ACC0000113,ACC000415,2022-11-16,11:15:18,6300,16300,"""Online bill payment processed."""
645,ACC000090,CREDIT,ACC000090,ACC000416,2023-05-09,15:40:25,5670,15670,"""Thank you for shopping with us online!"""
646,ACC000014,CREDIT,ACC000014,ACC000417,2022-10-02,12:25:22,1500,11500,"""Online transaction ID: [ID number]"""
647,ACC0000372,CREDIT,ACC0000372,ACC000018,2020-02-25,09:35:55,3780,13780,"""Transaction processed for online purchase."""
648,ACC0000373,CREDIT,ACC0000373,ACC000019,2022-07-06,10:00:40,6300,16300,"""Payment made for digital services."""
649,ACC0000161,CREDIT,ACC0000161,ACC000020,2022-11-29,14:50:18,5600,15600,"""Online bill payment processed."""
650,ACC0000163,CREDIT,ACC0000163,ACC000021,2023-04-20,16:30:55,7890,17890,"""E-receipt for online transaction available in your account."""
